global_step,candidate,case_id,n_slices,tp,tn,fp,fn,valid_pixels,dice,iou,sensitivity,specificity,empty_reference,empty_prediction
1250,student,coronacases_003,200,484329,21949338,81125,64408,22579200,0.8693823590389799,0.7689446259656877,0.8826250097952206,0.9963175989537759,False,False
1250,student,coronacases_010,301,335152,33453395,156113,37036,33981696,0.7763062957682699,0.6343959220217262,0.9004911496340559,0.9953550941596646,False,False
1250,student,radiopaedia_10_85902_1,39,7021,4385833,760,9330,4402944,0.5818829769600531,0.4103208462392613,0.42939269769433064,0.9998267448108361,False,False
1250,student,radiopaedia_4_85506_1,39,66657,4277872,6918,51497,4402944,0.6953251725091144,0.5329490213636945,0.5641535623000491,0.9983854517957707,False,False
1500,student,coronacases_003,200,438029,21978151,52312,110708,22579200,0.8431109117891054,0.7287741931190302,0.7982494346107516,0.9976254697869945,False,False
1500,student,coronacases_010,301,320653,33512874,96634,51535,33981696,0.8123195794673675,0.6839546778948087,0.8615350306834181,0.9971248017078976,False,False
1500,student,radiopaedia_10_85902_1,39,3592,4386316,277,12759,4402944,0.3552917903066271,0.21602116911234062,0.21968075347073573,0.9999368530428968,False,False
1500,student,radiopaedia_4_85506_1,39,60858,4280822,3968,57296,4402944,0.6651874521805662,0.49833772784592456,0.5150735480813176,0.9990739336116823,False,False
1750,student,coronacases_003,200,476483,21959642,70821,72254,22579200,0.8694620000529177,0.7690692396837746,0.8683267211797273,0.9967853149523004,False,False
1750,student,coronacases_010,301,334489,33463474,146034,37699,33981696,0.7845307495740057,0.6454550366445269,0.8987097918256365,0.9956549795373381,False,False
1750,student,radiopaedia_10_85902_1,39,7455,4386134,459,8896,4402944,0.6144652792087368,0.44348602022605593,0.4559354167940799,0.9998953629844392,False,False
1750,student,radiopaedia_4_85506_1,39,68496,4278302,6488,49658,4402944,0.7092959438329071,0.5495418879671379,0.5797179951588605,0.9984858067723272,False,False
2000,student,coronacases_003,200,461508,21974333,56130,87229,22579200,0.8655641777048412,0.7629908723735962,0.8410367808257873,0.9974521643053984,False,False
2000,student,coronacases_010,301,324595,33499248,110260,47593,33981696,0.8044057132023944,0.6728082612012072,0.8721264522230701,0.9967193807180992,False,False
2000,student,radiopaedia_10_85902_1,39,6598,4386134,459,9753,4402944,0.5637388926862611,0.39250446162998215,0.40352272032291603,0.9998953629844392,False,False
2000,student,radiopaedia_4_85506_1,39,66410,4279606,5184,51744,4402944,0.6999810274680102,0.5384390860886344,0.5620630702303773,0.9987901390733268,False,False
2250,student,coronacases_003,200,463529,21969307,61156,85208,22579200,0.8636472887643443,0.7600169210008969,0.8447197837944225,0.9972240256593791,False,False
2250,student,coronacases_010,301,328099,33494662,114846,44089,33981696,0.8050195489570414,0.6736675468242463,0.8815410491472052,0.996582931234816,False,False
2250,student,radiopaedia_10_85902_1,39,7572,4385922,671,8779,4402944,0.6157599414491339,0.4448360944659852,0.46309094245000304,0.9998470339053566,False,False
2250,student,radiopaedia_4_85506_1,39,73747,4276320,8470,44407,4402944,0.736104526104077,0.582409337882234,0.6241599945833404,0.9980232403455012,False,False
2500,student,coronacases_003,200,470173,21961345,69118,78564,22579200,0.8642663607921856,0.7609762808425925,0.8568275877150621,0.9968626170044633,False,False
2500,student,coronacases_010,301,330473,33490072,119436,41715,33981696,0.8039756865674001,0.6722068084552422,0.8879195460358743,0.996446362737592,False,False
2500,student,radiopaedia_10_85902_1,39,7070,4386068,525,9281,4402944,0.5904952810490269,0.41893813699928895,0.4323894563023668,0.9998803171390644,False,False
2500,student,radiopaedia_4_85506_1,39,71938,4276732,8058,46216,4402944,0.7260963916225082,0.5699774981776693,0.6088494676439223,0.9981193944160623,False,False
2750,student,coronacases_003,200,443839,21980930,49533,104898,22579200,0.8518091677550045,0.74187072726361,0.80883738475809,0.9977516133001835,False,False
2750,student,coronacases_010,301,316391,33525806,83702,55797,33981696,0.8193675618071661,0.6940073263287196,0.8500838286027491,0.9975095737789438,False,False
2750,student,radiopaedia_10_85902_1,39,5614,4386252,341,10737,4402944,0.5033623240383753,0.3363287802540139,0.34334291480643386,0.9999222631322304,False,False
2750,student,radiopaedia_4_85506_1,39,63259,4279949,4841,54895,4402944,0.6792766866751855,0.514321720395138,0.5353944851634308,0.9988701896709057,False,False
3000,student,coronacases_003,200,456140,21977243,53220,92597,22579200,0.862189383393016,0.7577617670365159,0.8312543167309658,0.9975842541302922,False,False
3000,student,coronacases_010,301,323884,33503778,105730,48304,33981696,0.8078902272630899,0.6776978477479401,0.8702161273334982,0.9968541640062092,False,False
3000,student,radiopaedia_10_85902_1,39,5425,4386328,265,10926,4402944,0.49226441631504925,0.32649253731343286,0.33178398874686565,0.9999395886511468,False,False
3000,student,radiopaedia_4_85506_1,39,62004,4279355,5435,56150,4402944,0.668171752167377,0.5016951346802709,0.524772754202143,0.9987315597730577,False,False
3250,student,coronacases_003,200,474561,21962383,68080,74176,22579200,0.8696546934242765,0.7693708182491727,0.8648241325079228,0.9969097335811781,False,False
3250,student,coronacases_010,301,332756,33481451,128057,39432,33981696,0.798933014486177,0.6651860588311728,0.8940535428331918,0.9961898579413897,False,False
3250,student,radiopaedia_10_85902_1,39,6988,4386081,512,9363,4402944,0.5859712381032242,0.41439838700112674,0.42737447250932664,0.9998832807146686,False,False
3250,student,radiopaedia_4_85506_1,39,74444,4277286,7504,43710,4402944,0.7440605291301436,0.5924334304222573,0.6300590754439122,0.9982486889672539,False,False
3500,student,coronacases_003,200,457990,21978668,51795,90747,22579200,0.8653386514404047,0.7626404587932034,0.8346256950050753,0.997648937291967,False,False
3500,student,coronacases_010,301,320473,33514530,94978,51715,33981696,0.8137560481388048,0.685993843730066,0.8610514041290961,0.9971740734794452,False,False
3500,student,radiopaedia_10_85902_1,39,5510,4386258,335,10841,4402944,0.49648585330690215,0.3302169483399257,0.33698244755672435,0.9999236309363554,False,False
3500,student,radiopaedia_4_85506_1,39,64077,4279801,4989,54077,4402944,0.6845102019015062,0.5203462640994616,0.5423176532322224,0.9988356488882769,False,False
3750,student,coronacases_003,200,456866,21980720,49743,91871,22579200,0.8658127287164589,0.7633772222964844,0.8325773549077244,0.9977420810447788,False,False
3750,student,coronacases_010,301,320609,33514763,94745,51579,33981696,0.8142016552767979,0.6866274176380766,0.8614168108590282,0.9971810060415047,False,False
3750,student,radiopaedia_10_85902_1,39,5189,4386319,274,11162,4402944,0.47574951865774273,0.3121203007518797,0.3173506207571402,0.9999375369449593,False,False
3750,student,radiopaedia_4_85506_1,39,63785,4279896,4894,54369,4402944,0.6828022886749129,0.5183749431116312,0.5398463022834605,0.9988578203365859,False,False
4000,student,coronacases_003,200,451144,21981019,49444,97593,22579200,0.859874681342768,0.7541931288355865,0.8221497730242356,0.9977556531608074,False,False
4000,student,coronacases_010,301,319429,33515466,94042,52759,33981696,0.8131492161357535,0.6851318019003496,0.8582463701140284,0.9972019227416242,False,False
4000,student,radiopaedia_10_85902_1,39,5894,4386192,401,10457,4402944,0.5205334275368718,0.3518385864374403,0.3604672497094979,0.9999085850909807,False,False
4000,student,radiopaedia_4_85506_1,39,68522,4279103,5687,49632,4402944,0.7124239068843801,0.5533062556019412,0.579938046955668,0.9986727470891222,False,False
4250,student,coronacases_003,200,456113,21977878,52585,92624,22579200,0.8626780842321278,0.75851706739484,0.8312051128318302,0.9976130778549683,False,False
4250,student,coronacases_010,301,319033,33517292,92216,53155,33981696,0.8144445564863544,0.6869729804222185,0.8571823916945199,0.9972562526056614,False,False
4250,student,radiopaedia_10_85902_1,39,5317,4386276,317,11034,4402944,0.4836934273368206,0.3189944804415647,0.32517888814139806,0.9999277343487303,False,False
4250,student,radiopaedia_4_85506_1,39,65693,4279610,5180,52461,4402944,0.695064726203135,0.5326430667942336,0.5559947187568767,0.9987910726079925,False,False
