step,macro_case_dice,macro_case_iou,macro_case_sensitivity,macro_case_specificity,macro_slice_dice,pooled_dice,pooled_iou,selection_loss,best_score,best_step,patience,alpha
250,0.6833135706982866,0.5331253218121262,0.6422441252736691,0.9972883156254558,0.6500774129802607,0.7856586587095195,0.646983374439513,0.33877499362965324,0.6833135706982866,250,0,0.10501004010438919
500,0.6907586172755771,0.5443401839152257,0.6396611597603575,0.9976656785608659,0.6636500593868969,0.8043769787021805,0.6727680584713475,0.2802494490496647,0.6907586172755771,500,0,0.10929317772388458
750,0.6947967592871331,0.5509386388082594,0.6143999392539875,0.998529839414785,0.7352278406130759,0.8141582916548709,0.6865657413846984,0.2804553958431324,0.6947967592871331,750,0,0.11138545721769333
1000,0.664954961646067,0.5217065119081796,0.5715600259158102,0.998890205209136,0.6791447813832462,0.8034783443007638,0.6715117444583303,0.27256339870792184,0.6947967592871331,750,1,0.1127152368426323
1250,0.7391215965364393,0.5967277488656078,0.6776344757416434,0.998272510633757,0.6972028405382542,0.8138497469307339,0.6861270271829623,0.26710330392515513,0.7391215965364393,1250,0,0.11374341696500778
1500,0.7491718679874521,0.6051174647824563,0.6792421744487626,0.9983443006149034,0.7309794473823571,0.8065600137300333,0.6758278782420335,0.27190196521850446,0.7491718679874521,1500,0,0.1147686317563057
1750,0.7312949603039929,0.5855547475057652,0.6601684868148566,0.9983234290348049,0.7159144992976492,0.8094536852681676,0.6799010464792334,0.26895802647570255,0.7491718679874521,1500,1,0.11557755619287491
2000,0.7619634393016593,0.6222383113142207,0.6797994504737113,0.9986936636703054,0.745495681616728,0.8204871882160854,0.6956153252588813,0.2675845782901442,0.7619634393016593,2000,0,0.11627573519945145
2250,0.730647235486022,0.584321779079332,0.6300429661862978,0.9989119870775965,0.7545367195805611,0.8047683944885194,0.6733158584307445,0.27473828753710616,0.7619634393016593,2000,1,0.11683334410190582
2500,0.719052631392926,0.5761085658438514,0.62303908812455,0.9989067073542126,0.776026056054825,0.8211189200614599,0.6965239616062616,0.27242498134547566,0.7619634393016593,2000,2,0.11731445789337158
2750,0.7424035665513431,0.6004335831586083,0.6555099435157397,0.9987099908773553,0.7691224194381342,0.8240515328435702,0.7007547999413748,0.2694863905625125,0.7619634393016593,2000,3,0.11775275319814682
3000,0.7341231918226525,0.5910040929289982,0.6391848450654529,0.9988680621582575,0.7564805599274246,0.8189581441325817,0.6934200850410136,0.26881272172063125,0.7619634393016593,2000,4,0.11814304441213608
3250,0.7173789769796208,0.5737250409002466,0.6173783372340224,0.9989407965884171,0.765629639459755,0.8167684451614392,0.6902862265813039,0.2710929506028872,0.7619634393016593,2000,5,0.11844191700220108
3500,0.7478118170528227,0.6059438558621609,0.6531541949601437,0.9988472671737574,0.7308267305827172,0.8201071845008521,0.6950692247023386,0.26861457430173696,0.7619634393016593,2000,6,0.11868070811033249
3750,0.718747962307329,0.5740775000303044,0.6069630957600063,0.9992075569707786,0.7762609477956022,0.8113680353842438,0.6826066095627265,0.27462532431118847,0.7619634393016593,2000,7,0.11888574808835983
4000,0.7354230517292324,0.5922459911258378,0.6304381241446145,0.999088925872985,0.7761649649190889,0.8171077669211952,0.6907710982212182,0.2707130032332553,0.7619634393016593,2000,8,0.1190267875790596
