provenance_stratum,bin_left,bin_right,count
coronacases_named,0.0,0.01,0
coronacases_named,0.01,0.02,0
coronacases_named,0.02,0.03,0
coronacases_named,0.03,0.04,0
coronacases_named,0.04,0.05,0
coronacases_named,0.05,0.06,0
coronacases_named,0.06,0.07,0
coronacases_named,0.07,0.08,0
coronacases_named,0.08,0.09,0
coronacases_named,0.09,0.1,0
coronacases_named,0.1,0.11,0
coronacases_named,0.11,0.12,0
coronacases_named,0.12,0.13,0
coronacases_named,0.13,0.14,0
coronacases_named,0.14,0.15,0
coronacases_named,0.15,0.16,51432
coronacases_named,0.16,0.17,146086
coronacases_named,0.17,0.18,98773
coronacases_named,0.18,0.19,30700
coronacases_named,0.19,0.2,16292
coronacases_named,0.2,0.21,14836
coronacases_named,0.21,0.22,17155
coronacases_named,0.22,0.23,25314
coronacases_named,0.23,0.24,23601
coronacases_named,0.24,0.25,13474
coronacases_named,0.25,0.26,10078
coronacases_named,0.26,0.27,8813
coronacases_named,0.27,0.28,7888
coronacases_named,0.28,0.29,7065
coronacases_named,0.29,0.3,6020
coronacases_named,0.3,0.31,5336
coronacases_named,0.31,0.32,4487
coronacases_named,0.32,0.33,3906
coronacases_named,0.33,0.34,3267
coronacases_named,0.34,0.35000000000000003,2779
coronacases_named,0.35000000000000003,0.36,2415
coronacases_named,0.36,0.37,1941
coronacases_named,0.37,0.38,1680
coronacases_named,0.38,0.39,1577
coronacases_named,0.39,0.4,1350
coronacases_named,0.4,0.41000000000000003,1259
coronacases_named,0.41000000000000003,0.42,1092
coronacases_named,0.42,0.43,998
coronacases_named,0.43,0.44,1034
coronacases_named,0.44,0.45,900
coronacases_named,0.45,0.46,844
coronacases_named,0.46,0.47000000000000003,791
coronacases_named,0.47000000000000003,0.48,750
coronacases_named,0.48,0.49,695
coronacases_named,0.49,0.5,759
coronacases_named,0.5,0.51,667
coronacases_named,0.51,0.52,616
coronacases_named,0.52,0.53,629
coronacases_named,0.53,0.54,580
coronacases_named,0.54,0.55,575
coronacases_named,0.55,0.56,545
coronacases_named,0.56,0.5700000000000001,599
coronacases_named,0.5700000000000001,0.58,586
coronacases_named,0.58,0.59,562
coronacases_named,0.59,0.6,572
coronacases_named,0.6,0.61,573
coronacases_named,0.61,0.62,598
coronacases_named,0.62,0.63,581
coronacases_named,0.63,0.64,597
coronacases_named,0.64,0.65,615
coronacases_named,0.65,0.66,604
coronacases_named,0.66,0.67,626
coronacases_named,0.67,0.68,613
coronacases_named,0.68,0.6900000000000001,714
coronacases_named,0.6900000000000001,0.7000000000000001,899
coronacases_named,0.7000000000000001,0.71,1239
coronacases_named,0.71,0.72,1695
coronacases_named,0.72,0.73,3120
coronacases_named,0.73,0.74,5784
coronacases_named,0.74,0.75,11823
coronacases_named,0.75,0.76,20398
coronacases_named,0.76,0.77,21345
coronacases_named,0.77,0.78,18357
coronacases_named,0.78,0.79,13180
coronacases_named,0.79,0.8,11337
coronacases_named,0.8,0.81,9772
coronacases_named,0.81,0.8200000000000001,10506
coronacases_named,0.8200000000000001,0.8300000000000001,11565
coronacases_named,0.8300000000000001,0.84,15532
coronacases_named,0.84,0.85,20124
coronacases_named,0.85,0.86,27802
coronacases_named,0.86,0.87,30265
coronacases_named,0.87,0.88,29131
coronacases_named,0.88,0.89,18981
coronacases_named,0.89,0.9,11595
coronacases_named,0.9,0.91,6770
coronacases_named,0.91,0.92,4572
coronacases_named,0.92,0.93,3057
coronacases_named,0.93,0.9400000000000001,2376
coronacases_named,0.9400000000000001,0.9500000000000001,1951
coronacases_named,0.9500000000000001,0.96,1922
coronacases_named,0.96,0.97,1684
coronacases_named,0.97,0.98,1950
coronacases_named,0.98,0.99,2234
coronacases_named,0.99,1.0,15525
radiopaedia_named,0.0,0.01,160975
radiopaedia_named,0.01,0.02,4205
radiopaedia_named,0.02,0.03,1834
radiopaedia_named,0.03,0.04,873
radiopaedia_named,0.04,0.05,566
radiopaedia_named,0.05,0.06,433
radiopaedia_named,0.06,0.07,393
radiopaedia_named,0.07,0.08,329
radiopaedia_named,0.08,0.09,310
radiopaedia_named,0.09,0.1,871
radiopaedia_named,0.1,0.11,6422
radiopaedia_named,0.11,0.12,17201
radiopaedia_named,0.12,0.13,6822
radiopaedia_named,0.13,0.14,4214
radiopaedia_named,0.14,0.15,7443
radiopaedia_named,0.15,0.16,5991
radiopaedia_named,0.16,0.17,10301
radiopaedia_named,0.17,0.18,15502
radiopaedia_named,0.18,0.19,15691
radiopaedia_named,0.19,0.2,13128
radiopaedia_named,0.2,0.21,12348
radiopaedia_named,0.21,0.22,15157
radiopaedia_named,0.22,0.23,22809
radiopaedia_named,0.23,0.24,29020
radiopaedia_named,0.24,0.25,28019
radiopaedia_named,0.25,0.26,24658
radiopaedia_named,0.26,0.27,20513
radiopaedia_named,0.27,0.28,16692
radiopaedia_named,0.28,0.29,14753
radiopaedia_named,0.29,0.3,13502
radiopaedia_named,0.3,0.31,12417
radiopaedia_named,0.31,0.32,11130
radiopaedia_named,0.32,0.33,9334
radiopaedia_named,0.33,0.34,7710
radiopaedia_named,0.34,0.35000000000000003,6232
radiopaedia_named,0.35000000000000003,0.36,5282
radiopaedia_named,0.36,0.37,4482
radiopaedia_named,0.37,0.38,3717
radiopaedia_named,0.38,0.39,3263
radiopaedia_named,0.39,0.4,2737
radiopaedia_named,0.4,0.41000000000000003,2471
radiopaedia_named,0.41000000000000003,0.42,2146
radiopaedia_named,0.42,0.43,1940
radiopaedia_named,0.43,0.44,1850
radiopaedia_named,0.44,0.45,1686
radiopaedia_named,0.45,0.46,1542
radiopaedia_named,0.46,0.47000000000000003,1528
radiopaedia_named,0.47000000000000003,0.48,1492
radiopaedia_named,0.48,0.49,1301
radiopaedia_named,0.49,0.5,1344
radiopaedia_named,0.5,0.51,1229
radiopaedia_named,0.51,0.52,1136
radiopaedia_named,0.52,0.53,1123
radiopaedia_named,0.53,0.54,1049
radiopaedia_named,0.54,0.55,1067
radiopaedia_named,0.55,0.56,969
radiopaedia_named,0.56,0.5700000000000001,973
radiopaedia_named,0.5700000000000001,0.58,959
radiopaedia_named,0.58,0.59,905
radiopaedia_named,0.59,0.6,871
radiopaedia_named,0.6,0.61,884
radiopaedia_named,0.61,0.62,813
radiopaedia_named,0.62,0.63,828
radiopaedia_named,0.63,0.64,825
radiopaedia_named,0.64,0.65,817
radiopaedia_named,0.65,0.66,826
radiopaedia_named,0.66,0.67,935
radiopaedia_named,0.67,0.68,913
radiopaedia_named,0.68,0.6900000000000001,982
radiopaedia_named,0.6900000000000001,0.7000000000000001,1087
radiopaedia_named,0.7000000000000001,0.71,1340
radiopaedia_named,0.71,0.72,1470
radiopaedia_named,0.72,0.73,1813
radiopaedia_named,0.73,0.74,2223
radiopaedia_named,0.74,0.75,3036
radiopaedia_named,0.75,0.76,5461
radiopaedia_named,0.76,0.77,7166
radiopaedia_named,0.77,0.78,8677
radiopaedia_named,0.78,0.79,8786
radiopaedia_named,0.79,0.8,10304
radiopaedia_named,0.8,0.81,11627
radiopaedia_named,0.81,0.8200000000000001,14316
radiopaedia_named,0.8200000000000001,0.8300000000000001,14653
radiopaedia_named,0.8300000000000001,0.84,15726
radiopaedia_named,0.84,0.85,14655
radiopaedia_named,0.85,0.86,15407
radiopaedia_named,0.86,0.87,15460
radiopaedia_named,0.87,0.88,18487
radiopaedia_named,0.88,0.89,15415
radiopaedia_named,0.89,0.9,16043
radiopaedia_named,0.9,0.91,16019
radiopaedia_named,0.91,0.92,17447
radiopaedia_named,0.92,0.93,16756
radiopaedia_named,0.93,0.9400000000000001,16877
radiopaedia_named,0.9400000000000001,0.9500000000000001,14667
radiopaedia_named,0.9500000000000001,0.96,13011
radiopaedia_named,0.96,0.97,10603
radiopaedia_named,0.97,0.98,10336
radiopaedia_named,0.98,0.99,9864
radiopaedia_named,0.99,1.0,15043
