case_id,provenance_stratum,original_shape,resized_h,resized_w,pad_top,pad_bottom,pad_left,pad_right,valid_pixels,padded_pixels
coronacases_004,coronacases_named,512x512x270,336,336,0,0,0,0,112896,0
coronacases_006,coronacases_named,512x512x213,336,336,0,0,0,0,112896,0
radiopaedia_10_85902_3,radiopaedia_named,630x630x418,336,336,0,0,0,0,112896,0
radiopaedia_40_86625_0,radiopaedia_named,630x630x93,336,336,0,0,0,0,112896,0
coronacases_001,coronacases_named,512x512x301,336,336,0,0,0,0,112896,0
coronacases_002,coronacases_named,512x512x200,336,336,0,0,0,0,112896,0
coronacases_005,coronacases_named,512x512x290,336,336,0,0,0,0,112896,0
coronacases_007,coronacases_named,512x512x249,336,336,0,0,0,0,112896,0
coronacases_008,coronacases_named,512x512x301,336,336,0,0,0,0,112896,0
coronacases_009,coronacases_named,512x512x256,336,336,0,0,0,0,112896,0
radiopaedia_14_85914_0,radiopaedia_named,630x401x110,336,214,0,0,61,61,71904,40992
radiopaedia_27_86410_0,radiopaedia_named,630x630x66,336,336,0,0,0,0,112896,0
radiopaedia_29_86490_1,radiopaedia_named,630x630x42,336,336,0,0,0,0,112896,0
radiopaedia_29_86491_1,radiopaedia_named,630x630x42,336,336,0,0,0,0,112896,0
radiopaedia_36_86526_0,radiopaedia_named,630x630x45,336,336,0,0,0,0,112896,0
radiopaedia_7_85703_0,radiopaedia_named,630x630x45,336,336,0,0,0,0,112896,0
coronacases_003,coronacases_named,512x512x200,336,336,0,0,0,0,112896,0
coronacases_010,coronacases_named,512x512x301,336,336,0,0,0,0,112896,0
radiopaedia_10_85902_1,radiopaedia_named,630x630x39,336,336,0,0,0,0,112896,0
radiopaedia_4_85506_1,radiopaedia_named,630x630x39,336,336,0,0,0,0,112896,0
