dataset_id,seed,budget_id,training_mask_fraction,case_id,group_id,provenance_stratum,fitting_order,label_visible,loader_role
segdb2,17,b025,0.25,radiopaedia_29_86491_1,radiopaedia_29_86491_1,radiopaedia_named,1,True,labeled
segdb2,17,b025,0.25,coronacases_005,coronacases_005,coronacases_named,2,True,labeled
segdb2,17,b025,0.25,radiopaedia_14_85914_0,radiopaedia_14_85914_0,radiopaedia_named,3,True,labeled
segdb2,17,b025,0.25,coronacases_002,coronacases_002,coronacases_named,4,False,unlabeled
segdb2,17,b025,0.25,radiopaedia_7_85703_0,radiopaedia_7_85703_0,radiopaedia_named,5,False,unlabeled
segdb2,17,b025,0.25,coronacases_007,coronacases_007,coronacases_named,6,False,unlabeled
segdb2,17,b025,0.25,radiopaedia_29_86490_1,radiopaedia_29_86490_1,radiopaedia_named,7,False,unlabeled
segdb2,17,b025,0.25,coronacases_009,coronacases_009,coronacases_named,8,False,unlabeled
segdb2,17,b025,0.25,radiopaedia_36_86526_0,radiopaedia_36_86526_0,radiopaedia_named,9,False,unlabeled
segdb2,17,b025,0.25,coronacases_001,coronacases_001,coronacases_named,10,False,unlabeled
segdb2,17,b025,0.25,radiopaedia_27_86410_0,radiopaedia_27_86410_0,radiopaedia_named,11,False,unlabeled
segdb2,17,b025,0.25,coronacases_008,coronacases_008,coronacases_named,12,False,unlabeled
segdb2,17,b050,0.5,radiopaedia_29_86491_1,radiopaedia_29_86491_1,radiopaedia_named,1,True,labeled
segdb2,17,b050,0.5,coronacases_005,coronacases_005,coronacases_named,2,True,labeled
segdb2,17,b050,0.5,radiopaedia_14_85914_0,radiopaedia_14_85914_0,radiopaedia_named,3,True,labeled
segdb2,17,b050,0.5,coronacases_002,coronacases_002,coronacases_named,4,True,labeled
segdb2,17,b050,0.5,radiopaedia_7_85703_0,radiopaedia_7_85703_0,radiopaedia_named,5,True,labeled
segdb2,17,b050,0.5,coronacases_007,coronacases_007,coronacases_named,6,True,labeled
segdb2,17,b050,0.5,radiopaedia_29_86490_1,radiopaedia_29_86490_1,radiopaedia_named,7,False,unlabeled
segdb2,17,b050,0.5,coronacases_009,coronacases_009,coronacases_named,8,False,unlabeled
segdb2,17,b050,0.5,radiopaedia_36_86526_0,radiopaedia_36_86526_0,radiopaedia_named,9,False,unlabeled
segdb2,17,b050,0.5,coronacases_001,coronacases_001,coronacases_named,10,False,unlabeled
segdb2,17,b050,0.5,radiopaedia_27_86410_0,radiopaedia_27_86410_0,radiopaedia_named,11,False,unlabeled
segdb2,17,b050,0.5,coronacases_008,coronacases_008,coronacases_named,12,False,unlabeled
segdb2,17,b100,1.0,radiopaedia_29_86491_1,radiopaedia_29_86491_1,radiopaedia_named,1,True,labeled
segdb2,17,b100,1.0,coronacases_005,coronacases_005,coronacases_named,2,True,labeled
segdb2,17,b100,1.0,radiopaedia_14_85914_0,radiopaedia_14_85914_0,radiopaedia_named,3,True,labeled
segdb2,17,b100,1.0,coronacases_002,coronacases_002,coronacases_named,4,True,labeled
segdb2,17,b100,1.0,radiopaedia_7_85703_0,radiopaedia_7_85703_0,radiopaedia_named,5,True,labeled
segdb2,17,b100,1.0,coronacases_007,coronacases_007,coronacases_named,6,True,labeled
segdb2,17,b100,1.0,radiopaedia_29_86490_1,radiopaedia_29_86490_1,radiopaedia_named,7,True,labeled
segdb2,17,b100,1.0,coronacases_009,coronacases_009,coronacases_named,8,True,labeled
segdb2,17,b100,1.0,radiopaedia_36_86526_0,radiopaedia_36_86526_0,radiopaedia_named,9,True,labeled
segdb2,17,b100,1.0,coronacases_001,coronacases_001,coronacases_named,10,True,labeled
segdb2,17,b100,1.0,radiopaedia_27_86410_0,radiopaedia_27_86410_0,radiopaedia_named,11,True,labeled
segdb2,17,b100,1.0,coronacases_008,coronacases_008,coronacases_named,12,True,labeled
segdb2,42,b025,0.25,coronacases_001,coronacases_001,coronacases_named,1,True,labeled
segdb2,42,b025,0.25,radiopaedia_14_85914_0,radiopaedia_14_85914_0,radiopaedia_named,2,True,labeled
segdb2,42,b025,0.25,coronacases_009,coronacases_009,coronacases_named,3,True,labeled
segdb2,42,b025,0.25,radiopaedia_29_86490_1,radiopaedia_29_86490_1,radiopaedia_named,4,False,unlabeled
segdb2,42,b025,0.25,coronacases_008,coronacases_008,coronacases_named,5,False,unlabeled
segdb2,42,b025,0.25,radiopaedia_7_85703_0,radiopaedia_7_85703_0,radiopaedia_named,6,False,unlabeled
segdb2,42,b025,0.25,coronacases_005,coronacases_005,coronacases_named,7,False,unlabeled
segdb2,42,b025,0.25,radiopaedia_29_86491_1,radiopaedia_29_86491_1,radiopaedia_named,8,False,unlabeled
segdb2,42,b025,0.25,coronacases_007,coronacases_007,coronacases_named,9,False,unlabeled
segdb2,42,b025,0.25,radiopaedia_27_86410_0,radiopaedia_27_86410_0,radiopaedia_named,10,False,unlabeled
segdb2,42,b025,0.25,coronacases_002,coronacases_002,coronacases_named,11,False,unlabeled
segdb2,42,b025,0.25,radiopaedia_36_86526_0,radiopaedia_36_86526_0,radiopaedia_named,12,False,unlabeled
segdb2,42,b050,0.5,coronacases_001,coronacases_001,coronacases_named,1,True,labeled
segdb2,42,b050,0.5,radiopaedia_14_85914_0,radiopaedia_14_85914_0,radiopaedia_named,2,True,labeled
segdb2,42,b050,0.5,coronacases_009,coronacases_009,coronacases_named,3,True,labeled
segdb2,42,b050,0.5,radiopaedia_29_86490_1,radiopaedia_29_86490_1,radiopaedia_named,4,True,labeled
segdb2,42,b050,0.5,coronacases_008,coronacases_008,coronacases_named,5,True,labeled
segdb2,42,b050,0.5,radiopaedia_7_85703_0,radiopaedia_7_85703_0,radiopaedia_named,6,True,labeled
segdb2,42,b050,0.5,coronacases_005,coronacases_005,coronacases_named,7,False,unlabeled
segdb2,42,b050,0.5,radiopaedia_29_86491_1,radiopaedia_29_86491_1,radiopaedia_named,8,False,unlabeled
segdb2,42,b050,0.5,coronacases_007,coronacases_007,coronacases_named,9,False,unlabeled
segdb2,42,b050,0.5,radiopaedia_27_86410_0,radiopaedia_27_86410_0,radiopaedia_named,10,False,unlabeled
segdb2,42,b050,0.5,coronacases_002,coronacases_002,coronacases_named,11,False,unlabeled
segdb2,42,b050,0.5,radiopaedia_36_86526_0,radiopaedia_36_86526_0,radiopaedia_named,12,False,unlabeled
segdb2,42,b100,1.0,coronacases_001,coronacases_001,coronacases_named,1,True,labeled
segdb2,42,b100,1.0,radiopaedia_14_85914_0,radiopaedia_14_85914_0,radiopaedia_named,2,True,labeled
segdb2,42,b100,1.0,coronacases_009,coronacases_009,coronacases_named,3,True,labeled
segdb2,42,b100,1.0,radiopaedia_29_86490_1,radiopaedia_29_86490_1,radiopaedia_named,4,True,labeled
segdb2,42,b100,1.0,coronacases_008,coronacases_008,coronacases_named,5,True,labeled
segdb2,42,b100,1.0,radiopaedia_7_85703_0,radiopaedia_7_85703_0,radiopaedia_named,6,True,labeled
segdb2,42,b100,1.0,coronacases_005,coronacases_005,coronacases_named,7,True,labeled
segdb2,42,b100,1.0,radiopaedia_29_86491_1,radiopaedia_29_86491_1,radiopaedia_named,8,True,labeled
segdb2,42,b100,1.0,coronacases_007,coronacases_007,coronacases_named,9,True,labeled
segdb2,42,b100,1.0,radiopaedia_27_86410_0,radiopaedia_27_86410_0,radiopaedia_named,10,True,labeled
segdb2,42,b100,1.0,coronacases_002,coronacases_002,coronacases_named,11,True,labeled
segdb2,42,b100,1.0,radiopaedia_36_86526_0,radiopaedia_36_86526_0,radiopaedia_named,12,True,labeled
segdb2,2026,b025,0.25,coronacases_007,coronacases_007,coronacases_named,1,True,labeled
segdb2,2026,b025,0.25,radiopaedia_29_86491_1,radiopaedia_29_86491_1,radiopaedia_named,2,True,labeled
segdb2,2026,b025,0.25,coronacases_008,coronacases_008,coronacases_named,3,True,labeled
segdb2,2026,b025,0.25,radiopaedia_7_85703_0,radiopaedia_7_85703_0,radiopaedia_named,4,False,unlabeled
segdb2,2026,b025,0.25,coronacases_009,coronacases_009,coronacases_named,5,False,unlabeled
segdb2,2026,b025,0.25,radiopaedia_29_86490_1,radiopaedia_29_86490_1,radiopaedia_named,6,False,unlabeled
segdb2,2026,b025,0.25,coronacases_005,coronacases_005,coronacases_named,7,False,unlabeled
segdb2,2026,b025,0.25,radiopaedia_14_85914_0,radiopaedia_14_85914_0,radiopaedia_named,8,False,unlabeled
segdb2,2026,b025,0.25,coronacases_001,coronacases_001,coronacases_named,9,False,unlabeled
segdb2,2026,b025,0.25,radiopaedia_36_86526_0,radiopaedia_36_86526_0,radiopaedia_named,10,False,unlabeled
segdb2,2026,b025,0.25,coronacases_002,coronacases_002,coronacases_named,11,False,unlabeled
segdb2,2026,b025,0.25,radiopaedia_27_86410_0,radiopaedia_27_86410_0,radiopaedia_named,12,False,unlabeled
segdb2,2026,b050,0.5,coronacases_007,coronacases_007,coronacases_named,1,True,labeled
segdb2,2026,b050,0.5,radiopaedia_29_86491_1,radiopaedia_29_86491_1,radiopaedia_named,2,True,labeled
segdb2,2026,b050,0.5,coronacases_008,coronacases_008,coronacases_named,3,True,labeled
segdb2,2026,b050,0.5,radiopaedia_7_85703_0,radiopaedia_7_85703_0,radiopaedia_named,4,True,labeled
segdb2,2026,b050,0.5,coronacases_009,coronacases_009,coronacases_named,5,True,labeled
segdb2,2026,b050,0.5,radiopaedia_29_86490_1,radiopaedia_29_86490_1,radiopaedia_named,6,True,labeled
segdb2,2026,b050,0.5,coronacases_005,coronacases_005,coronacases_named,7,False,unlabeled
segdb2,2026,b050,0.5,radiopaedia_14_85914_0,radiopaedia_14_85914_0,radiopaedia_named,8,False,unlabeled
segdb2,2026,b050,0.5,coronacases_001,coronacases_001,coronacases_named,9,False,unlabeled
segdb2,2026,b050,0.5,radiopaedia_36_86526_0,radiopaedia_36_86526_0,radiopaedia_named,10,False,unlabeled
segdb2,2026,b050,0.5,coronacases_002,coronacases_002,coronacases_named,11,False,unlabeled
segdb2,2026,b050,0.5,radiopaedia_27_86410_0,radiopaedia_27_86410_0,radiopaedia_named,12,False,unlabeled
segdb2,2026,b100,1.0,coronacases_007,coronacases_007,coronacases_named,1,True,labeled
segdb2,2026,b100,1.0,radiopaedia_29_86491_1,radiopaedia_29_86491_1,radiopaedia_named,2,True,labeled
segdb2,2026,b100,1.0,coronacases_008,coronacases_008,coronacases_named,3,True,labeled
segdb2,2026,b100,1.0,radiopaedia_7_85703_0,radiopaedia_7_85703_0,radiopaedia_named,4,True,labeled
segdb2,2026,b100,1.0,coronacases_009,coronacases_009,coronacases_named,5,True,labeled
segdb2,2026,b100,1.0,radiopaedia_29_86490_1,radiopaedia_29_86490_1,radiopaedia_named,6,True,labeled
segdb2,2026,b100,1.0,coronacases_005,coronacases_005,coronacases_named,7,True,labeled
segdb2,2026,b100,1.0,radiopaedia_14_85914_0,radiopaedia_14_85914_0,radiopaedia_named,8,True,labeled
segdb2,2026,b100,1.0,coronacases_001,coronacases_001,coronacases_named,9,True,labeled
segdb2,2026,b100,1.0,radiopaedia_36_86526_0,radiopaedia_36_86526_0,radiopaedia_named,10,True,labeled
segdb2,2026,b100,1.0,coronacases_002,coronacases_002,coronacases_named,11,True,labeled
segdb2,2026,b100,1.0,radiopaedia_27_86410_0,radiopaedia_27_86410_0,radiopaedia_named,12,True,labeled
