dataset_id,case_id,role,filename,path,size_bytes,sha256
segdb2,coronacases_org_001,ct,coronacases_org_001.nii,/kaggle/input/datasets/andrewmvd/covid19-ct-scans/ct_scans/coronacases_org_001.nii,157811040,c507701996dd562fdb115aa8c2de067f69a6aff1f0223fa0d8786738d8233940
segdb2,coronacases_org_002,ct,coronacases_org_002.nii,/kaggle/input/datasets/andrewmvd/covid19-ct-scans/ct_scans/coronacases_org_002.nii,104857952,5b1fcbcb02fa34ad7e318c68d4e80c6af548b8f4ff03cba5568e61402a4c20ba
segdb2,coronacases_org_003,ct,coronacases_org_003.nii,/kaggle/input/datasets/andrewmvd/covid19-ct-scans/ct_scans/coronacases_org_003.nii,104857952,fcab98d0b6e04ed12d739f1fcfad18421514348977b51d8a5e77f64ff88403b0
segdb2,coronacases_org_004,ct,coronacases_org_004.nii,/kaggle/input/datasets/andrewmvd/covid19-ct-scans/ct_scans/coronacases_org_004.nii,141558112,ab264793e387c5b36f8b3a2f4f5f20485ff48cee584224563d3f2d1e5bc51a13
segdb2,coronacases_org_005,ct,coronacases_org_005.nii,/kaggle/input/datasets/andrewmvd/covid19-ct-scans/ct_scans/coronacases_org_005.nii,152043872,97049257fa2559897e5d34a20f51bb7392b63d3d942d5a746c84585003feb29f
segdb2,coronacases_org_006,ct,coronacases_org_006.nii,/kaggle/input/datasets/andrewmvd/covid19-ct-scans/ct_scans/coronacases_org_006.nii,111673696,c07303cde0184dcf2cddf76b65969695e63be2ed6fa17abe4b983b3a35a40034
segdb2,coronacases_org_007,ct,coronacases_org_007.nii,/kaggle/input/datasets/andrewmvd/covid19-ct-scans/ct_scans/coronacases_org_007.nii,130548064,81a2f19cfab69100f5d7a7044de05b12c2ac7380209256ea07be15d7d6ca4e3c
segdb2,coronacases_org_008,ct,coronacases_org_008.nii,/kaggle/input/datasets/andrewmvd/covid19-ct-scans/ct_scans/coronacases_org_008.nii,157811040,4700dce66d8bba97bd7863fa2c6987aaa17970b8ae4ddbda06da4eeeb95fefd9
segdb2,coronacases_org_009,ct,coronacases_org_009.nii,/kaggle/input/datasets/andrewmvd/covid19-ct-scans/ct_scans/coronacases_org_009.nii,134218080,035522d42e76e424eb68f6afee48645c930790c899df20be7d76ef7d3173ddee
segdb2,coronacases_org_010,ct,coronacases_org_010.nii,/kaggle/input/datasets/andrewmvd/covid19-ct-scans/ct_scans/coronacases_org_010.nii,157811040,118e4b2ee0266934e3124392249be386edd4c2f03751161529a08317f79b14c8
segdb2,radiopaedia_org_covid-19-pneumonia-10_85902_1-dcm,ct,radiopaedia_org_covid-19-pneumonia-10_85902_1-dcm.nii,/kaggle/input/datasets/andrewmvd/covid19-ct-scans/ct_scans/radiopaedia_org_covid-19-pneumonia-10_85902_1-dcm.nii,15479452,f2edd31a0a650ca9f38fdd75ba159912870de855ae35b566ab73da91ec86eed9
segdb2,radiopaedia_org_covid-19-pneumonia-10_85902_3-dcm,ct,radiopaedia_org_covid-19-pneumonia-10_85902_3-dcm.nii,/kaggle/input/datasets/andrewmvd/covid19-ct-scans/ct_scans/radiopaedia_org_covid-19-pneumonia-10_85902_3-dcm.nii,165904552,c5d7e2e8e8552e241e649ae85b0b55ddda4353f80843d9c4c682076f682d337c
segdb2,radiopaedia_org_covid-19-pneumonia-14_85914_0-dcm,ct,radiopaedia_org_covid-19-pneumonia-14_85914_0-dcm.nii,/kaggle/input/datasets/andrewmvd/covid19-ct-scans/ct_scans/radiopaedia_org_covid-19-pneumonia-14_85914_0-dcm.nii,27789652,3206305a55288c35bbe73594c6fa5d104b131790cdf614e78a7bfd51e0d63935
segdb2,radiopaedia_org_covid-19-pneumonia-27_86410_0-dcm,ct,radiopaedia_org_covid-19-pneumonia-27_86410_0-dcm.nii,/kaggle/input/datasets/andrewmvd/covid19-ct-scans/ct_scans/radiopaedia_org_covid-19-pneumonia-27_86410_0-dcm.nii,26195752,c90e64aecffcb7394cd786f0860a34964efeef82f36596f40dded7af351e4f17
segdb2,radiopaedia_org_covid-19-pneumonia-29_86490_1-dcm,ct,radiopaedia_org_covid-19-pneumonia-29_86490_1-dcm.nii,/kaggle/input/datasets/andrewmvd/covid19-ct-scans/ct_scans/radiopaedia_org_covid-19-pneumonia-29_86490_1-dcm.nii,16670152,c4890b2131332e5a9a71e0dd45c16524e7c85554472301b8b3341395dc94c750
segdb2,radiopaedia_org_covid-19-pneumonia-29_86491_1-dcm,ct,radiopaedia_org_covid-19-pneumonia-29_86491_1-dcm.nii,/kaggle/input/datasets/andrewmvd/covid19-ct-scans/ct_scans/radiopaedia_org_covid-19-pneumonia-29_86491_1-dcm.nii,16670152,65e0e2edfa8b6d797bdd7adbff17e4ed2dd93b41d596acfb77db18785224d304
segdb2,radiopaedia_org_covid-19-pneumonia-36_86526_0-dcm,ct,radiopaedia_org_covid-19-pneumonia-36_86526_0-dcm.nii,/kaggle/input/datasets/andrewmvd/covid19-ct-scans/ct_scans/radiopaedia_org_covid-19-pneumonia-36_86526_0-dcm.nii,17860852,0d1bf5893d931dd72157465a6f596d648a79992646ceb6b6302ab424d6a6b8d9
segdb2,radiopaedia_org_covid-19-pneumonia-40_86625_0-dcm,ct,radiopaedia_org_covid-19-pneumonia-40_86625_0-dcm.nii,/kaggle/input/datasets/andrewmvd/covid19-ct-scans/ct_scans/radiopaedia_org_covid-19-pneumonia-40_86625_0-dcm.nii,36912052,e4551367bcb29b7b16c5dfb97ed96984e82dd87e4907e3d637d2d6fd32d7b642
segdb2,radiopaedia_org_covid-19-pneumonia-4_85506_1-dcm,ct,radiopaedia_org_covid-19-pneumonia-4_85506_1-dcm.nii,/kaggle/input/datasets/andrewmvd/covid19-ct-scans/ct_scans/radiopaedia_org_covid-19-pneumonia-4_85506_1-dcm.nii,15479452,d21e957a87bbe4ada964dc3aee4ea6464d71288a1ce42be8ad8e43c856856343
segdb2,radiopaedia_org_covid-19-pneumonia-7_85703_0-dcm,ct,radiopaedia_org_covid-19-pneumonia-7_85703_0-dcm.nii,/kaggle/input/datasets/andrewmvd/covid19-ct-scans/ct_scans/radiopaedia_org_covid-19-pneumonia-7_85703_0-dcm.nii,17860852,c06830b238c826a5088f21c9fd16cb6fb95c403a464b70b5d9207e3d81265fb6
segdb2,coronacases_001,infection_mask,coronacases_001.nii,/kaggle/input/datasets/andrewmvd/covid19-ct-scans/infection_mask/coronacases_001.nii,157811040,eec44db8fa65ca0d65fd1b079c51198e35b352901b97bb9b17f06f2c1ddfe0ec
segdb2,coronacases_002,infection_mask,coronacases_002.nii,/kaggle/input/datasets/andrewmvd/covid19-ct-scans/infection_mask/coronacases_002.nii,104857952,8b139ceafd9b312dc98a25e47959ff546664826fae209c381206c8b2f599d7ac
segdb2,coronacases_003,infection_mask,coronacases_003.nii,/kaggle/input/datasets/andrewmvd/covid19-ct-scans/infection_mask/coronacases_003.nii,104857952,313445c0032a0ee137160b50b586bf319ace569b92e1de972454448f07d35c81
segdb2,coronacases_004,infection_mask,coronacases_004.nii,/kaggle/input/datasets/andrewmvd/covid19-ct-scans/infection_mask/coronacases_004.nii,141558112,d87cdd90f8891922772ccc45665cec10f134057df865ec776b94dabdc4487e37
segdb2,coronacases_005,infection_mask,coronacases_005.nii,/kaggle/input/datasets/andrewmvd/covid19-ct-scans/infection_mask/coronacases_005.nii,152043872,5070921d9e7f2a335b76304f983e9ac067a72e74fdf704869a671ebce67eb8e0
segdb2,coronacases_006,infection_mask,coronacases_006.nii,/kaggle/input/datasets/andrewmvd/covid19-ct-scans/infection_mask/coronacases_006.nii,111673696,46b2eba09c39a653b7b454695e1b313295e4e290c231eeca3fe31e56277ef706
segdb2,coronacases_007,infection_mask,coronacases_007.nii,/kaggle/input/datasets/andrewmvd/covid19-ct-scans/infection_mask/coronacases_007.nii,130548064,4caf5b0f4294f13353f742977b519db2059117d53e7c04b14537661a2102aa29
segdb2,coronacases_008,infection_mask,coronacases_008.nii,/kaggle/input/datasets/andrewmvd/covid19-ct-scans/infection_mask/coronacases_008.nii,157811040,2c4e034ad0def5e58ab10a2332f8e18b0233fb59364930ad944067a25bf4193d
segdb2,coronacases_009,infection_mask,coronacases_009.nii,/kaggle/input/datasets/andrewmvd/covid19-ct-scans/infection_mask/coronacases_009.nii,134218080,3bb9c276064fb2c630db427d5c3f25b732596e34cf20c7e7443a86d77a9a0bde
segdb2,coronacases_010,infection_mask,coronacases_010.nii,/kaggle/input/datasets/andrewmvd/covid19-ct-scans/infection_mask/coronacases_010.nii,157811040,79e3db5181b134982e0f8bde6796fc29e654be73d928991cc725060b91438b25
segdb2,radiopaedia_10_85902_1,infection_mask,radiopaedia_10_85902_1.nii,/kaggle/input/datasets/andrewmvd/covid19-ct-scans/infection_mask/radiopaedia_10_85902_1.nii,30958552,998e958625060b5385e6862ec2b0e33f9e9f08048eca79f0b88e520de0b857b0
segdb2,radiopaedia_10_85902_3,infection_mask,radiopaedia_10_85902_3.nii,/kaggle/input/datasets/andrewmvd/covid19-ct-scans/infection_mask/radiopaedia_10_85902_3.nii,331808752,1927aed928553e85685883f9a03c52bdeb522474dc23f700fe29bbb0a3ff3552
segdb2,radiopaedia_14_85914_0,infection_mask,radiopaedia_14_85914_0.nii,/kaggle/input/datasets/andrewmvd/covid19-ct-scans/infection_mask/radiopaedia_14_85914_0.nii,55578952,86429eb88ec50240296e83416eea9d026b53bd9090667d780b6d26ed062f9e63
segdb2,radiopaedia_27_86410_0,infection_mask,radiopaedia_27_86410_0.nii,/kaggle/input/datasets/andrewmvd/covid19-ct-scans/infection_mask/radiopaedia_27_86410_0.nii,52391152,fa10abb183391ae52722e448984f0acf59c93264fc24e66c322d1be10125e91a
segdb2,radiopaedia_29_86490_1,infection_mask,radiopaedia_29_86490_1.nii,/kaggle/input/datasets/andrewmvd/covid19-ct-scans/infection_mask/radiopaedia_29_86490_1.nii,33339952,4c742a8c9a168a493a82625da8e9b815c108bc5f31d995ba5006a8cba8adb4e4
segdb2,radiopaedia_29_86491_1,infection_mask,radiopaedia_29_86491_1.nii,/kaggle/input/datasets/andrewmvd/covid19-ct-scans/infection_mask/radiopaedia_29_86491_1.nii,33339952,08975f6a1f5d7c6d6391d38b0971821e6862314339cc92252876f8bd46a8e7dc
segdb2,radiopaedia_36_86526_0,infection_mask,radiopaedia_36_86526_0.nii,/kaggle/input/datasets/andrewmvd/covid19-ct-scans/infection_mask/radiopaedia_36_86526_0.nii,35721352,565d50f68cfdbf746d4829e4e156a54b587b540ed9a5d868c47a8da1c952d058
segdb2,radiopaedia_40_86625_0,infection_mask,radiopaedia_40_86625_0.nii,/kaggle/input/datasets/andrewmvd/covid19-ct-scans/infection_mask/radiopaedia_40_86625_0.nii,73823752,bba930d939064e655e32688abeb06a2e3177ba378767e37a20144a7d624c08da
segdb2,radiopaedia_4_85506_1,infection_mask,radiopaedia_4_85506_1.nii,/kaggle/input/datasets/andrewmvd/covid19-ct-scans/infection_mask/radiopaedia_4_85506_1.nii,30958552,b60796ab194e28f656a2c95fa48023c8d005b7fe4e7d92190672e9e4ee5caf96
segdb2,radiopaedia_7_85703_0,infection_mask,radiopaedia_7_85703_0.nii,/kaggle/input/datasets/andrewmvd/covid19-ct-scans/infection_mask/radiopaedia_7_85703_0.nii,35721352,909e36d7aa453892c8f058ecc032559bd643f5babc329c3f83900011ddbfd3c5
segdb2,coronacases_001,lung_mask,coronacases_001.nii,/kaggle/input/datasets/andrewmvd/covid19-ct-scans/lung_mask/coronacases_001.nii,157811040,b11581f3f6430a0a0fd0de8b85e2cd19f80f4a5473cccbc2007a736738b3e3df
segdb2,coronacases_002,lung_mask,coronacases_002.nii,/kaggle/input/datasets/andrewmvd/covid19-ct-scans/lung_mask/coronacases_002.nii,104857952,65679b4ee89c6093ee8486d1afe96389e90ebd81b9849b77a9ec671dcefb837c
segdb2,coronacases_003,lung_mask,coronacases_003.nii,/kaggle/input/datasets/andrewmvd/covid19-ct-scans/lung_mask/coronacases_003.nii,104857952,870f9dc5aecaf8b0c4f897ba14d3734eed98fb93025303db17210e204f9af549
segdb2,coronacases_004,lung_mask,coronacases_004.nii,/kaggle/input/datasets/andrewmvd/covid19-ct-scans/lung_mask/coronacases_004.nii,141558112,f3048cfdc8640ee0cceee5cf698e8dd13497c0682eae2f039f61eaf5e67d642e
segdb2,coronacases_005,lung_mask,coronacases_005.nii,/kaggle/input/datasets/andrewmvd/covid19-ct-scans/lung_mask/coronacases_005.nii,152043872,6acd75faef821bf33261c239468f89c78b6c508bbb4825170cc99bc855957392
segdb2,coronacases_006,lung_mask,coronacases_006.nii,/kaggle/input/datasets/andrewmvd/covid19-ct-scans/lung_mask/coronacases_006.nii,111673696,8af7302992bfe45b5422a416d70976d52548e9d3ad1680799ef138bdf592f817
segdb2,coronacases_007,lung_mask,coronacases_007.nii,/kaggle/input/datasets/andrewmvd/covid19-ct-scans/lung_mask/coronacases_007.nii,130548064,982df9cd9548bb2ca7c25ba97c961b8da9a4d75edaf5160d0fae62d71751d4dc
segdb2,coronacases_008,lung_mask,coronacases_008.nii,/kaggle/input/datasets/andrewmvd/covid19-ct-scans/lung_mask/coronacases_008.nii,157811040,3eb54b0e9f95b0fa2dab12c86086b7bf72349441ed532adb8d216a45a7b866a2
segdb2,coronacases_009,lung_mask,coronacases_009.nii,/kaggle/input/datasets/andrewmvd/covid19-ct-scans/lung_mask/coronacases_009.nii,134218080,c75a2a0dcbd4f96818684f37d82e81975efcad150744eb43b8a27bcb29225758
segdb2,coronacases_010,lung_mask,coronacases_010.nii,/kaggle/input/datasets/andrewmvd/covid19-ct-scans/lung_mask/coronacases_010.nii,157811040,25f5d0d169cd9c5a758ee05299e3d437310dee9f56e50652cd88a4d9c95f0d2c
segdb2,radiopaedia_10_85902_1,lung_mask,radiopaedia_10_85902_1.nii,/kaggle/input/datasets/andrewmvd/covid19-ct-scans/lung_mask/radiopaedia_10_85902_1.nii,30958552,2b2367331ea70819a5613b8ba30cfaf438680a76388de1ef5b9a1ec64f6c721a
segdb2,radiopaedia_10_85902_3,lung_mask,radiopaedia_10_85902_3.nii,/kaggle/input/datasets/andrewmvd/covid19-ct-scans/lung_mask/radiopaedia_10_85902_3.nii,331808752,0998e61255ac85c3d078e5f5632c8452748e7a3ae216bb9288fde7e52b3b97c0
segdb2,radiopaedia_14_85914_0,lung_mask,radiopaedia_14_85914_0.nii,/kaggle/input/datasets/andrewmvd/covid19-ct-scans/lung_mask/radiopaedia_14_85914_0.nii,55578952,9af32008d711fb9a141556e46d480bc7cd654fabf243eca0ca814fee6b43c014
segdb2,radiopaedia_27_86410_0,lung_mask,radiopaedia_27_86410_0.nii,/kaggle/input/datasets/andrewmvd/covid19-ct-scans/lung_mask/radiopaedia_27_86410_0.nii,52391152,8b0d47857b8a27cf80bee3d91f578d749056affe1dadb57627af7fe22378a737
segdb2,radiopaedia_29_86490_1,lung_mask,radiopaedia_29_86490_1.nii,/kaggle/input/datasets/andrewmvd/covid19-ct-scans/lung_mask/radiopaedia_29_86490_1.nii,33339952,b9c23769382466061c9e3ca1b818133171aef0556ec4e73f3b01821d69437504
segdb2,radiopaedia_29_86491_1,lung_mask,radiopaedia_29_86491_1.nii,/kaggle/input/datasets/andrewmvd/covid19-ct-scans/lung_mask/radiopaedia_29_86491_1.nii,33339952,297b33b9b0ff53e4362284c049bd29de004a9ae481421463b1958526c4a4ca46
segdb2,radiopaedia_36_86526_0,lung_mask,radiopaedia_36_86526_0.nii,/kaggle/input/datasets/andrewmvd/covid19-ct-scans/lung_mask/radiopaedia_36_86526_0.nii,35721352,5339da18671999667a1698f9b2f1d280eca13bdac70ff5b9568a45cc0fa6069c
segdb2,radiopaedia_40_86625_0,lung_mask,radiopaedia_40_86625_0.nii,/kaggle/input/datasets/andrewmvd/covid19-ct-scans/lung_mask/radiopaedia_40_86625_0.nii,73823752,a679d8aec2157ee588ccaded3bacae1be116e5758f3511a02c4dd72cf8a6c10f
segdb2,radiopaedia_4_85506_1,lung_mask,radiopaedia_4_85506_1.nii,/kaggle/input/datasets/andrewmvd/covid19-ct-scans/lung_mask/radiopaedia_4_85506_1.nii,30958552,da70f671537c677c2a0b719b1154a57ed8be446cbf62ab6e9628171d421fdff4
segdb2,radiopaedia_7_85703_0,lung_mask,radiopaedia_7_85703_0.nii,/kaggle/input/datasets/andrewmvd/covid19-ct-scans/lung_mask/radiopaedia_7_85703_0.nii,35721352,e55f7d53eab801f2a226802ca05e392f5eb71bb04ae9c1d553e4c0e2fb3351b1
segdb2,coronacases_001,lung_and_infection_mask,coronacases_001.nii,/kaggle/input/datasets/andrewmvd/covid19-ct-scans/lung_and_infection_mask/coronacases_001.nii,157811040,de8f1aa9bdbb3266050c9f0cb618b5e6134bb878cc92ea30d0bc580a2eabcb42
segdb2,coronacases_002,lung_and_infection_mask,coronacases_002.nii,/kaggle/input/datasets/andrewmvd/covid19-ct-scans/lung_and_infection_mask/coronacases_002.nii,104857952,c2e83b4ddaf6a997bd4875b0cf96307a3f0b9477ab5b0a60cd99c7d49ff1b1f9
segdb2,coronacases_003,lung_and_infection_mask,coronacases_003.nii,/kaggle/input/datasets/andrewmvd/covid19-ct-scans/lung_and_infection_mask/coronacases_003.nii,104857952,cf0324d554bcfeaa7156bd659a1ac26e226e531ba9a224e3c8ea46bf32f2927f
segdb2,coronacases_004,lung_and_infection_mask,coronacases_004.nii,/kaggle/input/datasets/andrewmvd/covid19-ct-scans/lung_and_infection_mask/coronacases_004.nii,141558112,eafcaef06d65baaa6afee948a1441e47d3e26429a06036c6721120960349b077
segdb2,coronacases_005,lung_and_infection_mask,coronacases_005.nii,/kaggle/input/datasets/andrewmvd/covid19-ct-scans/lung_and_infection_mask/coronacases_005.nii,152043872,a63f3ff097abd1a155ff62a78b84ec7669c67a859fa050e83b5d7088e7c4472c
segdb2,coronacases_006,lung_and_infection_mask,coronacases_006.nii,/kaggle/input/datasets/andrewmvd/covid19-ct-scans/lung_and_infection_mask/coronacases_006.nii,111673696,dc03d83babb3af0f80d6201561a9b2f0a16aa7fae2b95af208f8075ba3939133
segdb2,coronacases_007,lung_and_infection_mask,coronacases_007.nii,/kaggle/input/datasets/andrewmvd/covid19-ct-scans/lung_and_infection_mask/coronacases_007.nii,130548064,a38c3ed150f990fcba0daccef2aa391caf70d0bfab7e3458fa7272717a84e86e
segdb2,coronacases_008,lung_and_infection_mask,coronacases_008.nii,/kaggle/input/datasets/andrewmvd/covid19-ct-scans/lung_and_infection_mask/coronacases_008.nii,157811040,4c12e1ea5c64d22d0bc9f47f7bd39b8477ddb4ba7ee220281d0c5301607278b9
segdb2,coronacases_009,lung_and_infection_mask,coronacases_009.nii,/kaggle/input/datasets/andrewmvd/covid19-ct-scans/lung_and_infection_mask/coronacases_009.nii,134218080,e346a34e27f0cc226a9fa1f7bcecf03f040a0e847f9a0dc7d25c45428a91582a
segdb2,coronacases_010,lung_and_infection_mask,coronacases_010.nii,/kaggle/input/datasets/andrewmvd/covid19-ct-scans/lung_and_infection_mask/coronacases_010.nii,157811040,b26a9e6df433e74d5ef3b248843d21b8351b3cf46246c7a7fbc6a8290f6cccea
segdb2,radiopaedia_10_85902_1,lung_and_infection_mask,radiopaedia_10_85902_1.nii,/kaggle/input/datasets/andrewmvd/covid19-ct-scans/lung_and_infection_mask/radiopaedia_10_85902_1.nii,30958552,c0eded9a6e89ce2f9f4614f5307732c0c83d363b8343e78bfc392c654f49c51c
segdb2,radiopaedia_10_85902_3,lung_and_infection_mask,radiopaedia_10_85902_3.nii,/kaggle/input/datasets/andrewmvd/covid19-ct-scans/lung_and_infection_mask/radiopaedia_10_85902_3.nii,331808752,6570111e5a004c338d0ebda82470735a8c1ca9811baa1065b084bc5bdf6cc47b
segdb2,radiopaedia_14_85914_0,lung_and_infection_mask,radiopaedia_14_85914_0.nii,/kaggle/input/datasets/andrewmvd/covid19-ct-scans/lung_and_infection_mask/radiopaedia_14_85914_0.nii,55578952,003af61b69adb73bab3a81a43dfd797619d740715ac52c457c4a5d04a2a17876
segdb2,radiopaedia_27_86410_0,lung_and_infection_mask,radiopaedia_27_86410_0.nii,/kaggle/input/datasets/andrewmvd/covid19-ct-scans/lung_and_infection_mask/radiopaedia_27_86410_0.nii,52391152,753b2dd967e8692626ac72ef432334088eae59f15923b371098f8ea5a8bdc49f
segdb2,radiopaedia_29_86490_1,lung_and_infection_mask,radiopaedia_29_86490_1.nii,/kaggle/input/datasets/andrewmvd/covid19-ct-scans/lung_and_infection_mask/radiopaedia_29_86490_1.nii,33339952,fde6f8bfc67ec7ebdde56866f731abe91b600f4cbd34034593fd1e22b52d55ff
segdb2,radiopaedia_29_86491_1,lung_and_infection_mask,radiopaedia_29_86491_1.nii,/kaggle/input/datasets/andrewmvd/covid19-ct-scans/lung_and_infection_mask/radiopaedia_29_86491_1.nii,33339952,dfa271b6d9b090c6f5cc79a0be8ce9d578ce2f0f567624dc9198bf587e56ece7
segdb2,radiopaedia_36_86526_0,lung_and_infection_mask,radiopaedia_36_86526_0.nii,/kaggle/input/datasets/andrewmvd/covid19-ct-scans/lung_and_infection_mask/radiopaedia_36_86526_0.nii,35721352,e11217e734f198571b1c3a36e34b46b8221a6d0c4643e723aecc12a4d12c1526
segdb2,radiopaedia_40_86625_0,lung_and_infection_mask,radiopaedia_40_86625_0.nii,/kaggle/input/datasets/andrewmvd/covid19-ct-scans/lung_and_infection_mask/radiopaedia_40_86625_0.nii,73823752,50bbffbbc3c4d3f37d02e5efdd00f0f94ba9e0f0d0d12d822cb6bdf62d6ea294
segdb2,radiopaedia_4_85506_1,lung_and_infection_mask,radiopaedia_4_85506_1.nii,/kaggle/input/datasets/andrewmvd/covid19-ct-scans/lung_and_infection_mask/radiopaedia_4_85506_1.nii,30958552,82437732a44a72127fccf06513c0983a0f5c884fa04368891ca28e920aba3a52
segdb2,radiopaedia_7_85703_0,lung_and_infection_mask,radiopaedia_7_85703_0.nii,/kaggle/input/datasets/andrewmvd/covid19-ct-scans/lung_and_infection_mask/radiopaedia_7_85703_0.nii,35721352,c3d5ced2b94163f6a98baeb4bcb345330353a49c2d900a56040c39846312f7eb
