dataset_id,case_id,group_id,source_split,infection_cache_path,lung_cache_path,access_rule
segdb2,coronacases_004,coronacases_004,calibration,/kaggle/working/EviCT/cache/segdb2/gt_vault/infection/coronacases_004.npy,/kaggle/working/EviCT/cache/segdb2/gt_vault/lung/coronacases_004.npy,source ground-truth vault; expose only through authorized labeled/selection/calibration manifests
segdb2,coronacases_006,coronacases_006,calibration,/kaggle/working/EviCT/cache/segdb2/gt_vault/infection/coronacases_006.npy,/kaggle/working/EviCT/cache/segdb2/gt_vault/lung/coronacases_006.npy,source ground-truth vault; expose only through authorized labeled/selection/calibration manifests
segdb2,radiopaedia_10_85902_3,radiopaedia_10_85902_3,calibration,/kaggle/working/EviCT/cache/segdb2/gt_vault/infection/radiopaedia_10_85902_3.npy,/kaggle/working/EviCT/cache/segdb2/gt_vault/lung/radiopaedia_10_85902_3.npy,source ground-truth vault; expose only through authorized labeled/selection/calibration manifests
segdb2,radiopaedia_40_86625_0,radiopaedia_40_86625_0,calibration,/kaggle/working/EviCT/cache/segdb2/gt_vault/infection/radiopaedia_40_86625_0.npy,/kaggle/working/EviCT/cache/segdb2/gt_vault/lung/radiopaedia_40_86625_0.npy,source ground-truth vault; expose only through authorized labeled/selection/calibration manifests
segdb2,coronacases_001,coronacases_001,fitting,/kaggle/working/EviCT/cache/segdb2/gt_vault/infection/coronacases_001.npy,/kaggle/working/EviCT/cache/segdb2/gt_vault/lung/coronacases_001.npy,source ground-truth vault; expose only through authorized labeled/selection/calibration manifests
segdb2,coronacases_002,coronacases_002,fitting,/kaggle/working/EviCT/cache/segdb2/gt_vault/infection/coronacases_002.npy,/kaggle/working/EviCT/cache/segdb2/gt_vault/lung/coronacases_002.npy,source ground-truth vault; expose only through authorized labeled/selection/calibration manifests
segdb2,coronacases_005,coronacases_005,fitting,/kaggle/working/EviCT/cache/segdb2/gt_vault/infection/coronacases_005.npy,/kaggle/working/EviCT/cache/segdb2/gt_vault/lung/coronacases_005.npy,source ground-truth vault; expose only through authorized labeled/selection/calibration manifests
segdb2,coronacases_007,coronacases_007,fitting,/kaggle/working/EviCT/cache/segdb2/gt_vault/infection/coronacases_007.npy,/kaggle/working/EviCT/cache/segdb2/gt_vault/lung/coronacases_007.npy,source ground-truth vault; expose only through authorized labeled/selection/calibration manifests
segdb2,coronacases_008,coronacases_008,fitting,/kaggle/working/EviCT/cache/segdb2/gt_vault/infection/coronacases_008.npy,/kaggle/working/EviCT/cache/segdb2/gt_vault/lung/coronacases_008.npy,source ground-truth vault; expose only through authorized labeled/selection/calibration manifests
segdb2,coronacases_009,coronacases_009,fitting,/kaggle/working/EviCT/cache/segdb2/gt_vault/infection/coronacases_009.npy,/kaggle/working/EviCT/cache/segdb2/gt_vault/lung/coronacases_009.npy,source ground-truth vault; expose only through authorized labeled/selection/calibration manifests
segdb2,radiopaedia_14_85914_0,radiopaedia_14_85914_0,fitting,/kaggle/working/EviCT/cache/segdb2/gt_vault/infection/radiopaedia_14_85914_0.npy,/kaggle/working/EviCT/cache/segdb2/gt_vault/lung/radiopaedia_14_85914_0.npy,source ground-truth vault; expose only through authorized labeled/selection/calibration manifests
segdb2,radiopaedia_27_86410_0,radiopaedia_27_86410_0,fitting,/kaggle/working/EviCT/cache/segdb2/gt_vault/infection/radiopaedia_27_86410_0.npy,/kaggle/working/EviCT/cache/segdb2/gt_vault/lung/radiopaedia_27_86410_0.npy,source ground-truth vault; expose only through authorized labeled/selection/calibration manifests
segdb2,radiopaedia_29_86490_1,radiopaedia_29_86490_1,fitting,/kaggle/working/EviCT/cache/segdb2/gt_vault/infection/radiopaedia_29_86490_1.npy,/kaggle/working/EviCT/cache/segdb2/gt_vault/lung/radiopaedia_29_86490_1.npy,source ground-truth vault; expose only through authorized labeled/selection/calibration manifests
segdb2,radiopaedia_29_86491_1,radiopaedia_29_86491_1,fitting,/kaggle/working/EviCT/cache/segdb2/gt_vault/infection/radiopaedia_29_86491_1.npy,/kaggle/working/EviCT/cache/segdb2/gt_vault/lung/radiopaedia_29_86491_1.npy,source ground-truth vault; expose only through authorized labeled/selection/calibration manifests
segdb2,radiopaedia_36_86526_0,radiopaedia_36_86526_0,fitting,/kaggle/working/EviCT/cache/segdb2/gt_vault/infection/radiopaedia_36_86526_0.npy,/kaggle/working/EviCT/cache/segdb2/gt_vault/lung/radiopaedia_36_86526_0.npy,source ground-truth vault; expose only through authorized labeled/selection/calibration manifests
segdb2,radiopaedia_7_85703_0,radiopaedia_7_85703_0,fitting,/kaggle/working/EviCT/cache/segdb2/gt_vault/infection/radiopaedia_7_85703_0.npy,/kaggle/working/EviCT/cache/segdb2/gt_vault/lung/radiopaedia_7_85703_0.npy,source ground-truth vault; expose only through authorized labeled/selection/calibration manifests
segdb2,coronacases_003,coronacases_003,selection,/kaggle/working/EviCT/cache/segdb2/gt_vault/infection/coronacases_003.npy,/kaggle/working/EviCT/cache/segdb2/gt_vault/lung/coronacases_003.npy,source ground-truth vault; expose only through authorized labeled/selection/calibration manifests
segdb2,coronacases_010,coronacases_010,selection,/kaggle/working/EviCT/cache/segdb2/gt_vault/infection/coronacases_010.npy,/kaggle/working/EviCT/cache/segdb2/gt_vault/lung/coronacases_010.npy,source ground-truth vault; expose only through authorized labeled/selection/calibration manifests
segdb2,radiopaedia_10_85902_1,radiopaedia_10_85902_1,selection,/kaggle/working/EviCT/cache/segdb2/gt_vault/infection/radiopaedia_10_85902_1.npy,/kaggle/working/EviCT/cache/segdb2/gt_vault/lung/radiopaedia_10_85902_1.npy,source ground-truth vault; expose only through authorized labeled/selection/calibration manifests
segdb2,radiopaedia_4_85506_1,radiopaedia_4_85506_1,selection,/kaggle/working/EviCT/cache/segdb2/gt_vault/infection/radiopaedia_4_85506_1.npy,/kaggle/working/EviCT/cache/segdb2/gt_vault/lung/radiopaedia_4_85506_1.npy,source ground-truth vault; expose only through authorized labeled/selection/calibration manifests
