case_id,lesion_pixels,roi_pixels,mean_pairwise_prediction_disagreement
medseg_slice_000,35781,41541,0.09025621273761665
medseg_slice_001,57499,69088,0.18962289640265553
medseg_slice_002,818,1657,0.35123717561858775
medseg_slice_003,16177,24140,0.20618613642640157
medseg_slice_004,6508,17486,0.26798581722520876
medseg_slice_005,4653,10666,0.3704606537908619
medseg_slice_006,6154,10248,0.19320843091334894
medseg_slice_007,67907,73228,0.2581253072595182
medseg_slice_008,50101,60843,0.10761029754176049
medseg_slice_009,27563,32204,0.1352627002856788
medseg_slice_010,14224,27971,0.27712035083956005
medseg_slice_011,21022,24178,0.17498000937491384
medseg_slice_012,12148,22079,0.17304527680903423
medseg_slice_013,14266,27935,0.1843804068969632
medseg_slice_014,8589,20593,0.26209553408116026
medseg_slice_015,26752,34385,0.204313896563424
medseg_slice_016,4117,9326,0.35806705268425193
medseg_slice_017,6307,15638,0.26384448139148226
medseg_slice_018,7217,20464,0.2390539483971853
medseg_slice_019,38102,51740,0.18836490143022808
medseg_slice_020,7912,14387,0.27237552420008804
medseg_slice_021,15382,28152,0.3041110163872312
medseg_slice_022,203,8420,0.6377672209026128
medseg_slice_023,31111,36964,0.0886267719943729
medseg_slice_024,1882,7232,0.2990412979351032
medseg_slice_025,25558,37705,0.16885470538832162
medseg_slice_026,5029,11507,0.22838272355957243
medseg_slice_027,3404,9108,0.3165715122236861
medseg_slice_028,10785,17301,0.17158931082981713
medseg_slice_029,47902,62004,0.12595961550867685
medseg_slice_030,24201,40604,0.3503924079729419
medseg_slice_031,15186,29237,0.2506641128250732
medseg_slice_032,57339,65063,0.13046841778993692
medseg_slice_033,7356,12317,0.3355795512976645
medseg_slice_034,12740,30869,0.3627587547377628
medseg_slice_035,12027,17601,0.1365073954131394
medseg_slice_036,11256,23191,0.287784054158941
medseg_slice_037,9269,24651,0.2532689681284059
medseg_slice_038,13190,22835,0.2644478505218597
medseg_slice_039,18761,60156,0.3084646585544251
medseg_slice_040,5304,9895,0.24443321542866767
medseg_slice_041,19994,31312,0.15846959632089933
medseg_slice_042,22946,35266,0.23372842586816386
medseg_slice_043,11664,24715,0.2556612043967901
medseg_slice_044,3123,12107,0.3772473224856144
medseg_slice_045,10855,38476,0.3381675156807707
medseg_slice_046,3860,10578,0.42377260981912146
medseg_slice_047,20820,35336,0.29984529469474
medseg_slice_048,0,202,0.6666666666666666
medseg_slice_049,5635,10436,0.1552318896128785
medseg_slice_050,6653,19488,0.28636425834701695
medseg_slice_051,53207,80626,0.17202887406047676
medseg_slice_052,4585,7597,0.32740994252117067
medseg_slice_053,38534,60967,0.19559215094504678
medseg_slice_054,13696,16923,0.19255845102326222
medseg_slice_055,32585,49429,0.14250743490663376
medseg_slice_056,3850,12146,0.3501838739777156
medseg_slice_057,26164,44069,0.18091326480443545
medseg_slice_058,32793,50608,0.2489724944672779
medseg_slice_059,38029,46492,0.13126272620379134
medseg_slice_060,67073,80749,0.1544209009812299
medseg_slice_061,4542,11937,0.3718410544246182
medseg_slice_062,3545,135571,0.6448085013264881
medseg_slice_063,5875,8424,0.19096232985121872
medseg_slice_064,1636,4620,0.34025974025974026
medseg_slice_065,7738,12184,0.1475158678047713
medseg_slice_066,3354,6391,0.39628644447921557
medseg_slice_067,12629,19446,0.14772532483115638
medseg_slice_068,11482,25702,0.2202941405338106
medseg_slice_069,34857,60502,0.16244091104426303
medseg_slice_070,16942,23094,0.23859010998527755
medseg_slice_071,24401,45938,0.16721087843034818
medseg_slice_072,26940,39419,0.3408677710410377
medseg_slice_073,9609,11963,0.15653821505196577
medseg_slice_074,3798,5972,0.4166108506363027
medseg_slice_075,14148,27676,0.21156718215541745
medseg_slice_076,33346,58980,0.27045326099242684
medseg_slice_077,18874,28332,0.08878064850110594
medseg_slice_078,20574,29580,0.32168131620464274
medseg_slice_079,50308,54812,0.1870758228125228
medseg_slice_080,17416,24158,0.14584540662858403
medseg_slice_081,3212,14748,0.48404303408371757
medseg_slice_082,8635,13603,0.1724619569212674
medseg_slice_083,4611,8811,0.36227442969016005
medseg_slice_084,13744,17608,0.2513630168105407
medseg_slice_085,22152,33395,0.14950341867545042
medseg_slice_086,6812,8664,0.16582025238534934
medseg_slice_087,41414,51504,0.24193590141866006
medseg_slice_088,15171,24991,0.2249876622250677
medseg_slice_089,1149,1778,0.34158230221222347
medseg_slice_090,15394,24615,0.18240910014218972
medseg_slice_091,8013,15809,0.306112551921901
medseg_slice_092,9921,21460,0.20170860515688105
medseg_slice_093,7754,13613,0.28531550723573057
medseg_slice_094,9190,17685,0.3107341438130242
medseg_slice_095,7637,11444,0.11837352906909004
medseg_slice_096,49701,68406,0.13703476303248255
medseg_slice_097,6529,11103,0.28430754450749046
medseg_slice_098,44304,57417,0.16471312212991507
medseg_slice_099,10546,18839,0.14441672417148824
