figure,rank,case_id,scientific_purpose,selection_rule
03_morphologically_concordant_segmentations,1,medseg_slice_000,morphological concordance,top three nonempty cases by three-seed mean agreement-filtered EMA Dice; post-hoc descriptive visualization
03_morphologically_concordant_segmentations,2,medseg_slice_032,morphological concordance,top three nonempty cases by three-seed mean agreement-filtered EMA Dice; post-hoc descriptive visualization
03_morphologically_concordant_segmentations,3,medseg_slice_009,morphological concordance,top three nonempty cases by three-seed mean agreement-filtered EMA Dice; post-hoc descriptive visualization
04_consistent_lesion_delineation,1,medseg_slice_000,cross-method and cross-seed consistency,top three nonempty cases by mean single-view Dice across all methods and seeds; post-hoc descriptive visualization
04_consistent_lesion_delineation,2,medseg_slice_035,cross-method and cross-seed consistency,top three nonempty cases by mean single-view Dice across all methods and seeds; post-hoc descriptive visualization
04_consistent_lesion_delineation,3,medseg_slice_067,cross-method and cross-seed consistency,top three nonempty cases by mean single-view Dice across all methods and seeds; post-hoc descriptive visualization
05_improved_delineation_patterns,1,medseg_slice_032,improvement relative to supervised training,top three nonempty cases by difference between three-seed mean agreement-filtered EMA Dice and supervised Dice; post-hoc descriptive visualization
05_improved_delineation_patterns,2,medseg_slice_007,improvement relative to supervised training,top three nonempty cases by difference between three-seed mean agreement-filtered EMA Dice and supervised Dice; post-hoc descriptive visualization
05_improved_delineation_patterns,3,medseg_slice_015,improvement relative to supervised training,top three nonempty cases by difference between three-seed mean agreement-filtered EMA Dice and supervised Dice; post-hoc descriptive visualization
06_cross_seed_segmentation_stability,1,medseg_slice_023,cross-seed prediction stability,"three nonempty cases with lowest mean pairwise binary-mask disagreement across seeds 17, 42, and 2026 within the union ROI; post-hoc descriptive visualization"
06_cross_seed_segmentation_stability,2,medseg_slice_077,cross-seed prediction stability,"three nonempty cases with lowest mean pairwise binary-mask disagreement across seeds 17, 42, and 2026 within the union ROI; post-hoc descriptive visualization"
06_cross_seed_segmentation_stability,3,medseg_slice_000,cross-seed prediction stability,"three nonempty cases with lowest mean pairwise binary-mask disagreement across seeds 17, 42, and 2026 within the union ROI; post-hoc descriptive visualization"
01_comparative_segmentation_morphology,1,medseg_slice_000,representative cross-method morphology,upper and central performance strata by three-seed mean confidence-only EMA Dice; third row updated to a large-lesion representative among reasonably performing cases to improve visual interpretability in the manuscript.
01_comparative_segmentation_morphology,2,medseg_slice_074,representative cross-method morphology,upper and central performance strata by three-seed mean confidence-only EMA Dice; third row updated to a large-lesion representative among reasonably performing cases to improve visual interpretability in the manuscript.
01_comparative_segmentation_morphology,3,medseg_slice_007,representative cross-method morphology,upper and central performance strata by three-seed mean confidence-only EMA Dice; third row updated to a large-lesion representative among reasonably performing cases to improve visual interpretability in the manuscript.
02_external_target_error_phenotypes,1,medseg_slice_079,Characteristic Error Phenotypes in External-Target Lung Lesion Segmentation.,"Cases restricted to the upper Dice-performance cohort under confidence-only EMA, with nonempty lesions and preference for substantial lesion burden. Distinct cases then selected to illustrate residual false-negative error, residual false-positive error, and uncertainty-associated residual error. Post-hoc descriptive visualization."
02_external_target_error_phenotypes,2,medseg_slice_096,Characteristic Error Phenotypes in External-Target Lung Lesion Segmentation.,"Cases restricted to the upper Dice-performance cohort under confidence-only EMA, with nonempty lesions and preference for substantial lesion burden. Distinct cases then selected to illustrate residual false-negative error, residual false-positive error, and uncertainty-associated residual error. Post-hoc descriptive visualization."
02_external_target_error_phenotypes,3,medseg_slice_042,Characteristic Error Phenotypes in External-Target Lung Lesion Segmentation.,"Cases restricted to the upper Dice-performance cohort under confidence-only EMA, with nonempty lesions and preference for substantial lesion burden. Distinct cases then selected to illustrate residual false-negative error, residual false-positive error, and uncertainty-associated residual error. Post-hoc descriptive visualization."
