case_id,selection_group,selection_reason,anchor_method,mean_anchor_dice,mean_anchor_uncertainty,lesion_pixels,mean_fp,mean_fn
medseg_slice_000,performance_rank,best,confidence_only_ema,0.8999670719266972,0.5669759114583334,35781,4072.0,3168.6666666666665
medseg_slice_059,performance_rank,25th_percentile_rank,confidence_only_ema,0.7858315317695554,0.5935633182525635,38029,5593.666666666667,9795.333333333334
medseg_slice_074,performance_rank,median_rank,confidence_only_ema,0.6933889675023813,0.5607501665751139,3798,1520.6666666666667,965.0
medseg_slice_014,performance_rank,75th_percentile_rank,confidence_only_ema,0.5879980342881178,0.609280526638031,8589,8309.666666666666,1574.3333333333333
medseg_slice_022,performance_rank,worst,confidence_only_ema,0.1070909321288035,0.7093945344289144,203,4397.666666666667,19.666666666666668
medseg_slice_022,lesion_burden,smallest_nonempty,confidence_only_ema,0.1070909321288035,0.7093945344289144,203,4397.666666666667,19.666666666666668
medseg_slice_004,lesion_burden,25th_percentile,confidence_only_ema,0.5871115995547804,0.600483258565267,6508,7608.666666666667,691.6666666666666
medseg_slice_067,lesion_burden,median,confidence_only_ema,0.8287947242983292,0.5936510562896729,12629,4824.333333333333,311.0
medseg_slice_025,lesion_burden,75th_percentile,confidence_only_ema,0.8142630704825063,0.6175447901089987,25558,8585.0,2133.0
medseg_slice_007,lesion_burden,largest,confidence_only_ema,0.7310981965312409,0.6610562006632487,67907,2559.3333333333335,27143.333333333332
medseg_slice_002,uncertainty,lowest,confidence_only_ema,0.8329033976886956,0.2098624954620997,818,166.0,116.66666666666667
medseg_slice_059,uncertainty,median,confidence_only_ema,0.7858315317695554,0.5935633182525635,38029,5593.666666666667,9795.333333333334
medseg_slice_022,uncertainty,highest,confidence_only_ema,0.1070909321288035,0.7093945344289144,203,4397.666666666667,19.666666666666668
medseg_slice_007,failure,maximum_false_negative_burden,confidence_only_ema,0.7310981965312409,0.6610562006632487,67907,2559.3333333333335,27143.333333333332
medseg_slice_062,failure,maximum_false_positive_burden,confidence_only_ema,0.2628454502949394,0.5564818779627482,3545,85661.66666666667,450.6666666666667
medseg_slice_022,failure,lowest_dice_nonempty,confidence_only_ema,0.1070909321288035,0.7093945344289144,203,4397.666666666667,19.666666666666668
medseg_slice_042,failure,highest_uncertainty_among_high_dice,confidence_only_ema,0.8113394670525088,0.6323979298273722,22946,7923.666666666667,1962.3333333333333
medseg_slice_048,failure,lowest_uncertainty_among_poor_dice,confidence_only_ema,0.3333333333333333,0.3371630397935708,0,172.0,0.0
medseg_slice_048,empty_reference,first_lexicographic_empty_reference,confidence_only_ema,0.3333333333333333,0.3371630397935708,0,172.0,0.0
