fold,epoch,train_loss,validation_mean_dice,best_validation_mean_dice,patience,lr
0,1,0.49282350364001654,0.8265050369458031,0.8265050369458031,0,0.0003
0,2,0.21576312075742343,0.8477384060046539,0.8477384060046539,0,0.0003
0,3,0.09012595190089724,0.8839456864858557,0.8839456864858557,0,0.0003
0,4,0.056029342944443464,0.8967917292812062,0.8967917292812062,0,0.0003
0,5,0.04540361746059738,0.8888041743910261,0.8967917292812062,1,0.0003
0,6,0.04063619824827683,0.8995725885084935,0.8995725885084935,0,0.0003
0,7,0.04292420042218709,0.8966366496686805,0.8995725885084935,1,0.0003
0,8,0.03796684913156245,0.8847730968360077,0.8995725885084935,2,0.0003
0,9,0.03311564564433416,0.9003407824802089,0.9003407824802089,0,0.0003
0,10,0.03170815099649101,0.8990608437471692,0.9003407824802089,1,0.0003
0,11,0.030550851060552636,0.9041710901109885,0.9041710901109885,0,0.0003
0,12,0.029917439672085436,0.8982732197218706,0.9041710901109885,1,0.0003
0,13,0.02752629699947139,0.8950719259134093,0.9041710901109885,2,0.0003
0,14,0.030154314118358286,0.9025645606462673,0.9041710901109885,3,0.00015
0,15,0.02556900297355676,0.9036768142998303,0.9041710901109885,4,0.00015
0,16,0.024597796302303854,0.9022548455724547,0.9041710901109885,5,0.00015
