relative_path,sha256,bytes
vlmDiagnosis/artifacts/audit/step04_diagnosis_baseline_results.json,10e23dbe17c6887b66f9faf74141aac7f6c3cda4595651c73d437d3aef6c1129,1807
vlmDiagnosis/artifacts/audit/step05_diagnosis_unlock_audit.json,f6645aaddedf4b09f1a186d3e44cde818ed90a2e2a71f779e701971bc13aaf59,2146
vlmDiagnosis/artifacts/audit/step06_strong_diagnosis_development.json,32ce0b9512ccc38fde9134b0c792daecd2f8d69d846f832c1da0b37d64eb7aef,1214
vlmDiagnosis/artifacts/audit/step07_frozen_dual_encoder_development.json,a98c981173ff188a37d25bf6893aac24c1ae5b489eaff22859229abc3eeb1585,2128
vlmDiagnosis/artifacts/audit/step08_oof_segmentation_baseline_results.json,d13141baebb7b74926ca1b22ef2143729a0fbcbb2224dd9b69c5b8fb0b766cc2,2176
vlmDiagnosis/artifacts/audit/step09_segmentation_quantification_unlock_audit.json,45576ad7cb5e3a79be9525ff7ebd1afc5309c36ada4a131955036567fadf2a80,2810
vlmDiagnosis/artifacts/audit/step11_ncp_ggo_consolidation_results.json,4c25922e5778bf0e8e9e963a04e389e54e7ea4053fda6eeb2e7481c9e2bb75e1,3677
vlmDiagnosis/artifacts/audit/step12b_longciu_external_results.json,d541968a554a7cf1b5d00eaa6d31c1136170d3603ff0ea04e810973eb8809e1b,5678
vlmDiagnosis/artifacts/audit/step13_permission_aware_reporting.json,c86be3f662e04ff3804518d662f7d50eb2bd46821aec9875bd47cbfbac5de439,1637
vlmDiagnosis/artifacts/audit/step14_controlled_vlm_reporting.json,44cc581a7d81908722afa1a45bfdbd2132e603d326402fbd7afd98f29e8ba9f5,1438
vlmDiagnosis/artifacts/audit/step15_final_evict_dx_freeze.json,80bfae98ffb7099c914a3e70a5b70c22b80e393adf88481708b843f8d4010ce3,3268
vlmDiagnosis/artifacts/audit/step15_supported_and_prohibited_claims.json,0ee9c0402e8f06f3b68c19e458c647e750a9a45c843b9bbe11c276046513ff7d,3011
vlmDiagnosis/config/report_field_contract_step02.json,f8ebabb51ec5372db12f1fd74676bda5675f3126bd87808b36e59d7e54f72853,1657
vlmDiagnosis/config/report_field_permissions_step12b.json,3bade6f5e6fc8081453456a4a173779058b996aa018ab505c9ebecca3484fc78,2331
vlmDiagnosis/config/step15_final_freeze.json,3213f3edaeeffd9470723726156c1afb4bf867dc098f32efdfd10b5415b450fc,2411
vlmDiagnosis/docs/FINAL_EVICT_DX_FREEZE.md,bb2c0c2f4eb396c9b0917e0095fe66350360f6495b8c52d6228126ca40cb8c1d,4499
vlmDiagnosis/tables/step15_component_summary.csv,77163b1df3ce2bff1895890bda7df9879fd9db755070df41c51c33dc1f793b46,3139
vlmDiagnosis/tables/step15_manuscript_results.csv,dcb0880ec057a18c775f6b16e84b1aa4f6f82464a017d7557e6bb11891a9e5e5,3623
vlmDiagnosis/tables/step15_report_permissions.csv,821534b0b4781ab7c5d7dd2a16a021301e9754c3e85a200a2ddbda935c4a3771,922
