path,size_bytes,sha256
config/cache_contract.json,1306,1c4189af987821ba6fc9289568b804d6f50a2ed129d9f8745585a75efe5b7e36
config/cache_manifest_hashes.json,11302,c97d31dd3e478d83c72c23c86b40ca61e5c1ebe6d55e5c42063418c7036d384b
config/ct_insight_repository_status.json,277,f58b041d3a855b14113182aeac14d5a50f925978099c0e0bfd3d467b6ba32be2
config/dataset_use_policy.json,4343,d23e3bd4941d3884be354ca319fddf086c2153d54198489ddc67e7387227362f
config/dataset_use_policy.sha256,90,88e3552a3ad179dc5b8082a72db94899e8f734903dbd3fd7b079a3c66e02feac
config/environment.json,7511,c3ca638dc3838f9400637f160fc5ce28c9db95392ffc3b9af0cdc62c0cf10f68
config/figure_style.json,1352,6fa4661a563ca874c7be58cc0d0070473034dc6c100d7104840498d8533cb066
config/frozen_protocol.json,13068,bbc6a43fcb3627ca1dc3f703c205fc29a394815dd32ffd914c6b9e176b15acc1
config/gpu_smoke_test.json,333,1c488eb89f0c2a18d98156927f8b072723d3c81f0151c406e038cdfb6a9873bc
config/kaggle_notebook03_cache_snapshot.json,757,7c5e4047d6e85b648d7b0a5eecb5d41760d618b20555436e45dbed37fe6f0d64
config/label_mapping.json,727,2282c07c18f74db56dfc7c61910c9f8272ec111415fd367f430d00764956537b
config/metrics_policy.json,715,9aa252a2cfc201159ec0a4456f47be826bbd511e9424eb7b4fccb9725715bdfe
config/notebook03_freeze.json,1702,6deebfc0d5ddb4d364953e1156c51bbcca9df308342c8538673d613d6ac2fcee
config/notebook04a_metric_hashes.json,471,1ab32fda2bd0d363709e1a46be0f879a4e2b4668075f10ac34d01ffa04e47190
config/notebook04b_hashes.json,469,5f1bf3fd76905a055aba5ce1c58539a3cc654131a72a38b77751f13566665182
config/notebook04c_config.json,918,b33357e959721be291ddcb8054f0bb9af0a72d05cc25643c10d99d756331ea7a
config/notebook04c_hashes.json,1131,7e15576de708b0c455489c842b41cf54d3418a21456011fb69a7aeb90b184a5f
config/notebook04d_seed17_config.json,2230,bc44a2b017ac45478419ce5b5e0ad6c1e8af456a03d2790f956fa3be4bc81538
config/notebook04d_seed17_hashes.json,377,01350b2c1bc025d6b2a2a38ed2ba44472b721e92b304025c6626c9dffa65da3b
config/notebook04d_seed2026_config.json,2385,8481815b456b8beb06cf35712510a43157ef3c4de4abfc5857a482b35f7f1079
config/notebook04d_seed42_config.json,2384,b540f0e4bad3e4130a16262034bded644ee6fa27ce8d061fc403bdf1b034a613
config/notebook04d_seed42_hashes.json,470,c3b70f75195584725b236f2cc1b72ef6a4a683acd9d7ced6be19ebd2cf8387f9
config/notebook05_segct_clip_visual_adaptation.json,3721,2ea58b897a4a37a24f2180448f19abea20fc11ddb2b7b96a182a44a8e49bee37
config/notebook05_segct_clip_visual_backbone_pin.json,267,d2fcb867dd6089cc1217686fdd5cc2ea123fc4fd67750f23af53373a3cead7a2
config/notebook05_unet_baseline.json,2644,01a1d32e8721a6e164a8bd9508dc939b5d7258f38a846afd466103013031e582
config/notebook05_unet_selected_lr.json,922,b43510d8f9aab3887db337d86c667759df56cc8822ca66686b443974a0c5befd
config/notebook06_prompts.json,518,31d9999a59164cd3a76ab4f6e31b9b97e2e300aadfe123f09d772260b514f74a
config/notebook06_semantic_branch.json,4796,f24dec52e6b755cf989033acda9928511e4d75f64b6042c183d5e992380ad246
config/notebook06_text_model_pin.json,191,6e94e5c5f5dedfe7842534ebf3865bfedc503432302574fd6343da2f14cd7fcf
config/notebook07_b050_seed17_branch_implementation.json,2798,d4465f329ad4dd3e2eaabd811b716d974d6e827e3edafb4a2b2f5c14fc764d4d
config/notebook07_deferred_training_lock.json,1847,2909630c2b92cbc3df31244a79b1344c5d1ec95061babd59cee68f70b88818c8
config/notebook07_teacher_student.json,3342,71331e5b7057c38acc5c7c2ed78246714cf5f070df641ef5e0516e748068149c
config/notebook08_b050_seed17_protocol_pilot.json,6098,1ce33e04267914dec27323022d80861e48891ab2f52dbb74a3e99478e2f0e8de
config/notebook08_b050_seed17_test_ready_pilot.json,740,02a317e76a7704fa4d6e65ed20e5ecefffa714cb4e81f7e5bb3f1050da15916f
config/notebook09_qualitative_figure_plan.json,3695,b31c46bbcdd9b6a7c7ed08bc53f32b28b8f847a54c310550b4eef845446f4687
config/notebook10_evidence_schema.json,5193,cb2b2299b4fd3d84e64b95d2282f76739a804ccff4a003579094fc5b2f0c1f38
config/notebook10_final_freeze.json,2706,1d2b1ecdaed08b30d80d79ebd4c016ccc944fbe68ccca3017d25487f59df83be
config/notebook10_measurement_contract.json,6578,f76d556c5a95966448ecc47df01ebfaf6c78727476ef24c1486aa4e05304eb01
config/notebook10_measurement_contract.sha256,103,3cd2ee2809719daab05cd455d3e1fef89a793241635256cbd554a29b03703819
config/notebook11_final_freeze.json,4158,58280f0581388695126e8d24ff04277313f0587d88fdcf5dc5b921dbeb18211c
config/notebook11_sentence_catalog.json,3594,b7f8a5ed5ddc1961e56e46e8ad2f2f27f7a525ba2a25714d567310fcfa2cb188
config/notebook11_strict_id_protocol.json,1793,58abff54aa77d15d7b1b4cc1d253d997c719f47ba50d849c42c69ef6ed4ce09b
config/notebook11b_qwen_strict_config.json,1400,ccff87ce4013056cec21f5251d5663e0ab0f9dcaa2195743a7316ad8bf2a168a
config/notebook11c_free_text_config.json,1394,82c7e37b665efb398651ac4e06f233c5e718a5d5f9a5efcf4087334dbccae15d
config/notebook11c_validator_correction.json,1490,28e3a60f4f7a5c1e9a3eb07d02acde276095650d04e56bc51213d1df2661f12c
config/notebook11c_validator_correction_v2.json,729,85b30d921ad1c9dc9ab5433312f286b684f7c3ab38a1b668ec66f514afb48b61
config/notebook12_final_freeze.json,2210,f8184a7182c2c4f37f43116b07c20d279b27c8f1d2d3e52ffde520952274be5a
config/notebook12b_lesion_burden_strata.json,3544,3a0bb12f4d1d592e4610f0ecd17edb5480e55161e2a25e5d4670f22f4c871916
config/notebook12b_stress_protocol.json,13222,c82df5de0191823397da439f6cd0107088908e01a76be4efb7c74eb896f967db
config/notebook12b_stress_protocol.sha256,65,480c14a1d801d16df8a3571fe4fa7a58356e9501e14a222b45d3cdbd8c3bb513
config/notebook12b_stress_protocol_r1.json,13836,cc456d90a33c38a1009cac2547d5b38fd51c039a7de56cd41486eda115be26fd
config/notebook12b_stress_protocol_r1.sha256,65,85dd3b0484e01b41d429b085c9b088ed6b3a488fd23e87332d8fc1a921436acb
config/paths.json,1201,7a46fdc144a38f86fb6548c3764370bb2a4eb8d2c0b2464d1625e3a34119b969
config/preprocessing.json,1730,51a6259ebe818087309abfc8600996281b972ec23618e0051e8c91a66ed684fe
config/preprocessing.sha256,85,c90113b39e8edb082e5157b2a20766ca129e696afb1b93a3bd980904eb6316f1
config/segdb1_grouping_status.json,699,e7ae2a23976591a994cd24045017a2a24aa9800947f3f2ba2401170429cbdcc5
config/segdb1_label_representation.json,1036,1c3c57561ab043b843e0bf242eaaacd7d69cb815c55ee1d811966203f2a13dc3
config/segformer_b1_baseline.json,2035,ae9ae659566bd6c6fabdfe7432877ce7cc692d50e02cebb50e11a2dfa3d399da
config/source_registry_segdb1.json,924,f34ee14869fabb9780311de8cf9085ba37c7174ec6949423ace9e4c72e5f6752
config/source_registry_segdb2.json,938,23e91c4aef88ce78086c74744b891aee374d95c823593a0f07d525cc1b54f544
config/split_manifest_hashes.json,744,dbf3b206634f3c21326193f9b78a7039d39c47958184ca8c91c9e1fbbd6f0cba
config/split_protocol.json,1430,d2ae99875c09febc590d10806c1bfe57a6eddd70893d7d2f735526a058a501cc
config/test_ready.json,920,96001e4a5b2fa709fad20ab4276cc572dc4f4af7f1ef03f1be78b759ecc58c3f
tables/final_claim_checklist.csv,3634,0b54e1f3abdd5ef6b9f91f233842104aa2db9f21e28cc98f3a3cb5a726bbd888
tables/final_result_source_map.csv,907,63dcd3e05fede629b71c95a662358afcb47ce5e8acf22d579a85990ce423e213
tables/notebook04_three_seed_case_metrics.csv,1298,bfd3562360ffca5034e530acaf360901637b3cc8622928c771020da560d802d5
tables/notebook04_three_seed_case_summary.csv,1573,c8056f5369c8f43f6daf61a522c20aa548d69cc0e88c206e6ceebbbed977b392
tables/notebook04_three_seed_source_baseline.csv,649,590e53e28f42511bea5b9c1943f23f9404a212e3ab9b0826f9ec13c4a7f214a8
tables/notebook04_validation_overlay_index.csv,708,a94feb5ba35e5f33324ec3cac21d6de192b8fdc5c53bee980d6d2a721d0db67f
tables/notebook05_unet_three_seed_case_metrics.csv,2178,3550bee90a02bfac533984a84a878dc541c404a0766217adc699ff28df7e957c
tables/notebook05_unet_three_seed_source_baseline.csv,1034,e822ec5f6f500b6de299949ba6d0273132ef10fa5795c1229187c3c3b7f66ab9
tables/notebook05e_segct_clip_visual_case_metrics.csv,2035,ff70e5060c6f75f211e38579733ea9df5ecc97c04c3593cc29dd858713b35bb3
tables/notebook05e_segct_clip_visual_three_seed.csv,992,80e8d0839d441869149685ffed645facd5b214e6a9c0176ad7ad72cf79b8aa22
tables/notebook06_semantic_ablation.csv,626,30bda4b350acd19cf26496f6b62b5fde44d6407f4f47e9ae334a5972c3eebaa8
tables/notebook07_b050_seed17_pseudolabel_diagnostic.csv,1669,613a5ae99f3c8b2777460e6b238a2ee8a71dfe744e7d8a1045c8cb10677ed806
tables/notebook07_b050_seed17_pseudolabel_diagnostic_cases.csv,5529,b148fadf338fd14ca661584be593a4f8e9b7ecc5873716acc56c386477e2a341
tables/notebook07_b050_seed17_three_way.csv,829,43ad88e455bd9769d04089bdbbaa0315c063d0e00c72b26d1d41abbae2abf19e
tables/notebook07_b050_seed42_three_way.csv,829,460eace1fd1debbf981bffc4654ff564f48bbdadfb4801e7162c8ad5391fd1de
tables/notebook07_b050_three_seed_summary.csv,413,3c5768c7ad39a9c0d2bc06a52210a06c70f27881fd2b7ea0f6856ebc72ddc39d
tables/notebook08_b050_seed17_calibration_metrics.csv,1195,6f914fb26aee1caa7ead876463021f8c315428bc537915399e1ff35ea8e5be37
tables/notebook08_b050_seed17_inference_metrics.csv,919,66fb088e88aac08d9ddfd408c06b66243730b0b0201a4354188159534ff89efb
tables/notebook08_b050_seed17_threshold_sweep.csv,1915,f8e8770e87d897d3c40144df23aa5c338d82bb4d867814b08375059a46c3311e
tables/notebook08_b050_seed17_uncertainty_case_scores.csv,1862,4a91f40aebf9eff3dff0ca0f7eaad707caf8cefe0527ffc30b0196b303cf7db8
tables/notebook08_final_protocol_per_seed.csv,1744,ca6a7c2e65e35b3559cdcd5223960c7e34283d0a50459dd68c64a42b768d7c25
tables/notebook08_final_temperature_calibration.csv,1242,9ccd08a430673b1ec34dd9d869f23695c306f68197c08703c1d046d001cdc4d6
tables/notebook08_final_threshold_sweep.csv,2035,98f550de5c841ece2b70561acbd53f560ce1cc020b86256a01d896955a4cebb6
tables/notebook08_final_uncertainty_case_scores.csv,2222,232943783baaeeced57615e4074e2ae84b9e239c6673a909a6c8c4e826e32087
tables/notebook09_corrected_consensus_high_dice_cases.csv,740,360dd565a9be3de26f423a3625b598534aa86114a04554b7c2f39508ef17928f
tables/notebook09_corrected_high_dice_agreement_filtered_cases.csv,780,231e6adaeb02d8a495f85bdc4b4840c3fd255b40370f5e8d74d16b675774b82e
tables/notebook09_corrected_prediction_manifest.csv,306002,85f4c083fa6bcb5fee3827f8714a5b56e9eaa5b3bea6b9088785fe05c112d32e
tables/notebook09_corrected_target_case_metrics.csv,427388,1157b42264b5133088ba62f4cb94165fa456ec09441c25489ce2f045e98491c7
tables/notebook09_prediction_manifest.csv,329039,cb24abf250acfc887ec27a7f810bd623ad508c01357ee366af3c1b5f87ba9d43
tables/notebook09_publication_figures/cross_seed_stability_ranking.csv,4863,ab2e8f769f195374015145b7e9f8395c60c1cced44b7873b6615d7a539ac19d5
tables/notebook09_publication_figures/publication_qualitative_case_selection.csv,5097,b78a7c3dfed513bb37bc789397fb1152d52ad8699a7483a7c2a9588624eb94f6
tables/notebook10_coverage_curve_method_mean.csv,2824,edbaacf4a819be828e80578be6d32d4caa98205b6bcd547accce2d745d9f286c
tables/notebook10_default_p80_method_summary.csv,933,e86fb0fef595349fba7ede55992581552a6e36d403a429c8269f1acc2bf9d716
tables/notebook10_default_p80_seed_summary.csv,2090,2a82ada4a272335fd9d7cf0b4bd76b675ff16f413187ecf5099b63832937f369
tables/notebook10_eligibility_summary.csv,937,1e8cd54ab52414104dd5bfc4d6067d077dd8dbef3a90787d9cd8c3eec8f94299
tables/notebook10_evidence_manifest.csv,400205,b4b5d53ad80f2a84198fe5588e0840406b1ee922c93e80cfef8ddc5f1149b9f9
tables/notebook10_evidence_summary.csv,413,228ccb11e90298e93e1f4407669b95564a6e751b23d250400f18db6b025fc91d
tables/notebook10_measurement_evaluation.csv,252320,20918c999bb5b26451e6393af6346ad399ba73599ca7f24fdc20abd58f0c5f79
tables/notebook10_publication_coverage_curve.csv,1142,f9b68378620f2decaa40ce6116d11b06861b2d914a424edbe8c376b6f721c71a
tables/notebook10_publication_coverage_curve.tex,1085,ecebbf794881ff1c2bb9d70d2b71933c8938e2080f38be61b2b69a205a20fba3
tables/notebook10_publication_p80_summary.csv,617,d14c6f56cb2a08e403f81578eca1cdfb10a3a80c26f1ce82e2668fbcfa2e0365
tables/notebook10_publication_p80_summary.tex,835,93e2ed7e9ca179d5d1fb1dc3bdf943894372530478c0feac6122c45bcf815edc
tables/notebook10_source_gate_evaluation.csv,8859,98e794800db9cc66f8f6047dfc2d802f45d5b71a9e6d88e93b02a5add21b2cc7
tables/notebook10_source_uncertainty_gates.csv,2254,c0d27dba56356674d24d20bc7df706c9f75b83b6d51c8a1571c948d6ed94bf2c
tables/notebook11_deterministic_report_manifest.csv,218195,c871d6ad1f9abaf0c51efe10b015e8200975c162325499aebb2baf0de35374a2
tables/notebook11_reporting_arm_summary.csv,596,bf0ec792cfef35fabea2f2409bf07f0c4be78011cfb99435b9899f94d422aa02
tables/notebook11_reporting_arm_summary.tex,704,0c8c9fa715ba27b2f3bee57e201566268b712d02052160cc65d961018931e24b
tables/notebook11_sentence_usage.csv,1832,d341cc85806067d72bfbb57fa6a06755e01641984105b088a0f7e29c14e31ee6
tables/notebook11b_state_generation_summary.csv,412,15bb3e2a96dc63a1e7ec47398e2fa0a626afd570bf84bb8bbd22ec720f9b2f8f
tables/notebook11b_strict_report_manifest.csv,178663,76b3f8f4be6d446fd2c517e1a0a461436f9da89758521d2d13565b8f2c387316
tables/notebook11b_strict_summary.csv,515,84fe346871ce1621870fce167aeb9ad3b566147a7c7f8cc1a4440cbe2d27f725
tables/notebook11c_corrected_free_text_manifest.csv,160825,6b8b91f90189659703c5c7ff1ccddfde257399352384ef836dde60bdc7f339d6
tables/notebook11c_corrected_free_text_summary.csv,562,15cbcd703b86cf29f03c038002e919bcaabd10f752dc29e9159a8ee7a3b104e3
tables/notebook11c_final_free_text_manifest.csv,242689,4712d28d0a3b9fc9875a1255ded173d2979b7533c6d6c15f80e9eb58f49a45cc
tables/notebook11c_final_free_text_summary.csv,435,70462cbd8faa2ced2c56b448a3d490c9facde0a96984ac2fef2b65e5f96c3038
tables/notebook11c_free_text_manifest.csv,284144,a68888fb05ceab5dfdebe71d92ed84e6ffabf07e4f5ecd9ca96c28841a20f03f
tables/notebook11c_free_text_summary.csv,589,411a724ab2893b648ab51952c41b8d7dd1b3c00b8b5080bc287f754bdd8105bc
tables/notebook11c_unique_prompt_summary.csv,5677,a5132db275bc941e266cf24018482a7fbf75a7b9652a20ca94ca68ea734fb967
tables/notebook12a_key_coverage_summary.csv,7359,bbab95fe6b5f15d35ba123bf7cbce6c909554b773b18c83db879e60dc8c227f5
tables/notebook12a_matched_coverage_method_summary.csv,20475,78d8e7f6db4ec2479c19701f9eb847f2e66fe1af00d6864764a9aa0d56818240
tables/notebook12a_matched_coverage_per_seed.csv,54984,f5df6d44b3cb895bed9a7193f822118bac894f31ebe4cbfe455d5b3c764d354e
tables/notebook12a_selective_risk_auc.csv,3169,0c22634a8ba6516a8fee3ac36c4b4c5f76708177adb4456e6f54fec5d7f3b7ab
tables/notebook12a_uncertainty_error_correlation.csv,1589,c0a8c00473d1af0608c75c305ee92078a50952dfb12c8fc56cb9b1587eb334d5
tables/notebook12b_checkpoint_restore.csv,2182,758c175b7c6809edb6074b7f2f803b6d1eee325490ff82cfb9149a47bbf81ed0
tables/notebook12b_clean_reproduction.csv,1067,26345276d8d3d0f0abc3a872255fc0b6a09c88fd3d62a13ba891ac4a9e044e5f
tables/notebook12b_stress_bootstrap.csv,4025,72c6ff941ebb83e5918e932d167091bafed550070ea2a99892d354e0567e4f47
tables/notebook12b_stress_burden_summary.csv,12567,ca8beeed7c762b7994895903bad21fbd4b05a8237f9dbbc255ee7be961a865a1
tables/notebook12b_stress_case_metrics.csv,636428,222ae69483ee38aa3d9af4e33b63adeda86aea32cfca4f8fbccccb5c8c6c568f
tables/notebook12b_stress_method_summary.csv,1521,addb175059d8299a21bdb25be2ec3b07832b69776974ec95da8fb720fa2b09c3
tables/notebook12b_stress_seed_summary.csv,5181,44afc5a59c5c43be58143bb748c1b02096208f99952a9ea9e51511fec73bd0b3
tables/notebook12c_efficiency.csv,694,190522bac966fadc7d95f42f524d38ab3ad357b2d7e8b57c22a7eba654610e58
reports/notebook04_source_baseline_report.md,726,40ec57f12ba7f65ec938fa51dc5d4a0709f65fac4c49c508c8c92603bf1918f5
reports/notebook05_unet_source_baseline_report.md,806,03d738c1daacbe3fe75878dd42e001613702067561c2c81cc16324fd0e21d182
reports/notebook05d_segct_clip_reproduction_audit.md,2822,18b3284eaf62da8d276a07c80cdc937c3b9c2dbda5e4ee4e8ac250951ff06f8c
reports/notebook05e_segct_clip_visual_adaptation_report.md,1406,f84384fce7417ca431729f632f3ddd0f40e0abb836e53398ee3612aea5949c6e
reports/notebook06_semantic_branch_report.md,591,1326464853bf314aed3614023d6cb3e34fe4eb049ee32e25428a9027b881057a
reports/notebook07_b050_seed17_pseudolabel_diagnostic.md,891,c92130f36782ad973ce049f378cec846ea0635b265775a9bf26951f5f58e2bd5
reports/notebook07_b050_seed17_three_way.md,504,23756ba0424ef46a9f767f4c51ff01c6484b6c1e2c68ccc9645833724a392f3b
reports/notebook07_b050_seed42_three_way.md,504,6d57a0cc126144e60b74b41466b0716074f4be6f414dbd6c08cbc05a9bf6aadf
reports/notebook08_b050_seed17_source_protocol_pilot.md,1053,a6be07428605cd7214a63e5dbd50ee6190706485822627de0eb1ffdc332475b8
reports/notebook08_final_protocol_freeze.md,1374,62a26648f633cf4560c114546b9d0d776c32027ae56be0eac466026550047b8a
reports/notebook10_final_state.md,2096,35d95916039d192bf63e26a4a8cd8bc7310f67b113b9e698619e0ac158132f65
reports/notebook10a_measurement_contract.md,2182,1e23cfe3491c6ca10fe7d2c20f90aeda93a3c4a37d966dc9023f3028dd1cad14
reports/notebook10b_evidence_builder.md,1509,00d2ca2bceb54770dceb1ed5d5cdaf999cbc962331d1c01e66f363f76fd11cab
reports/notebook10c_independent_evaluation.md,1834,49a926c8557033dbb77b3c41347b3b57e9f01b60ef9273b912d8dd97979c55df
reports/notebook11_deterministic/reports.jsonl,2891220,166367e070a065a3ec6c5c784197ef1e40f0085e60add7144465dbe63c22c000
reports/notebook11_deterministic/sample_reports.txt,3982,d0b384b4ad106ad94c2fdd48f01a56be2e859ca54134ec58b62a97973cdf4420
reports/notebook11_final_state.md,2374,e3732769483ddc5a95942266f0e33375a98dcebd2c07d1e0ae00051ccfb2bcea
reports/notebook11_free_text/accepted_outputs.jsonl,0,e3b0c44298fc1c149afbf4c8996fb92427ae41e4649b934ca495991b7852b855
reports/notebook11_free_text/evaluated_reports.jsonl,4081651,0c3a9b56c165af1e1a62b66c13b15b4c9aaefff76d7cef6d65c6ca64bbed1575
reports/notebook11_free_text/raw_unique_generations.jsonl,35109,e8277e957085e0fd8a44dbf70a3c4d3ebe83081852ee1396804c6383a8360405
reports/notebook11_free_text/rejected_outputs.jsonl,4081651,0c3a9b56c165af1e1a62b66c13b15b4c9aaefff76d7cef6d65c6ca64bbed1575
reports/notebook11_free_text/sample_outputs.txt,1958,c93a7fa2204f4cfdb26e6c801bb0f194582a517adbb833bf400555ce8c8518bf
reports/notebook11_free_text_corrected/accepted_outputs.jsonl,1736437,4a3442b9be0a0467837d5e09727f773240e83f4b9219546fe7999ae95efce4a7
reports/notebook11_free_text_corrected/evaluated_reports.jsonl,1769151,810bc0b75bb7a85f35a26d165d458d57650620fa4b71a8342a10ec18dfaa426d
reports/notebook11_free_text_corrected/rejected_outputs.jsonl,32714,54ce84b3c57d73afc7cd983492c21f2b4b025d46c19e973e71bc77171b315f38
reports/notebook11_free_text_corrected/sample_outputs.txt,1863,46a58c022081ca741a994a4abec8cc000584385200ce3154af54afea3c39da8e
reports/notebook11_free_text_final/accepted_outputs.jsonl,1757613,5cd61dfb1d62ca850ab82f824bdb646e1eacb9aed8d956b9ec849113c9260ef7
reports/notebook11_free_text_final/evaluated_reports.jsonl,1767415,d3da0370b8569bbb55699f595f41daa0c93fa53182e06e4a6a87dbd364c219ea
reports/notebook11_free_text_final/rejected_outputs.jsonl,9802,fe4d21fa2c28ef4dc0744eaf9375ea005881327042e1cc30b88d505e9d0811b8
reports/notebook11_free_text_final/sample_outputs.txt,1881,3d83dcdc4dbccd56c874afc61155b04e39ddf0d97f40f893c707b48df52d6fc8
reports/notebook11_qwen_strict/raw_state_generations.jsonl,3710,42ca62daa79d9ed989acab6a7fc3f74ccbfc2b3207d3e5b4fb6174ae1850d817
reports/notebook11_qwen_strict/sample_reports.txt,4688,ab42a1931a9f7b08380f3deb5986c97b3ebea27c42ab1977c351835844f4515a
reports/notebook11_qwen_strict/strict_reports.jsonl,3061320,3e870fbe6fc7ac2b4600f74ccd408d0b7610446c4bd7d56e497b7733bca8a3db
reports/notebook11a_deterministic_reporting.md,1620,7fd18004796162f35fe7ba16e637b53cada59438ab9aa3ff69485fa8190984d7
reports/notebook11b_qwen_strict_reporting.md,1620,35522cfe486cbe066403894b293bd65cd1b3cfb0b18503b94b88e31c4c9e34bd
reports/notebook11c_free_text_reporting.md,2106,0fb779f8143a6df5a000a949344add4d1ac0e9baccbcaeef2b7fd2dc0dc553b6
reports/notebook11c_validator_correction.md,1810,5c968e3bfc39840912b689da4f3e573152502fcc91a92bac51e1f8aedc2d5554
reports/notebook11c_validator_correction_v2.md,1344,eb065ddfd1d31cd911284c90bebf90a154e2405f3293fd73524b51293fe94e57
reports/notebook12a_matched_coverage.md,2537,9eb1981e8a8a3c0f0dba09bed040aa2341c7406280bee14d407e10d4cb42f173
reports/notebook12b0_protocol_correction.md,613,24e1b71eb7716a23fab9ccbfa41025c421e419f86de891ca37f48bdd873cd925
reports/notebook12b0_stress_protocol_freeze.md,1631,76f7e03df4a3df859a73337815d9b9ede798d67cbd20221d305149539a56e0d6
handoff/NOTEBOOK10_STATE.md,631,6b60d40541e3c2a83e642401f8223641e66ad70243d1921bd8824419b08ecff2
handoff/NOTEBOOK11A_STATE.md,951,14c8416ef852d9293cfd210cc25658a70baaf8cb81b06da507f5f61a19175dfa
handoff/NOTEBOOK11B_STATE.md,459,aa2bbd115e3c381ff0c3965bb574273100b5c857b91962975eb8938b8d7bc7e3
handoff/NOTEBOOK11C_STATE.md,699,17db5244d07cc8c84d203fbbd3f9993ca918f0055478da0636e0dd52ce269f0e
handoff/NOTEBOOK11_STATE.md,888,28257ba15895bc65870a7387a2c41b041fa44512351bb220aef8fd2b88dcbd45
handoff/NOTEBOOK12A_STATE.md,1086,5cfa5a761fab6cef3345355576d4e95e395e0b4571eb028da7e94ff252eb48d6
handoff/NOTEBOOK12B0_R1_STATE.md,229,d4a3d5b83054206b8d78d0d967ae5c2f38b6cf54ffe546f39acebaa39cec882f
handoff/NOTEBOOK12B0_STATE.md,818,3bcba4b14405ab88f9adb391b42bf711ad3bbc2f2cec2a1b409f15bd7979e5a2
handoff/NOTEBOOK12_STATE.md,407,2c8e4e59d6e759cd3e4955dd3c6901d34b80b7a1b447158418b025ba97c28d32
handoff/STATE.md,1090,8b502a0de7217e8c85b77e31ad88624afe515efb4ac710a991c23fdebb3080a0
handoff/notebook04d_seed42_resume.json,1444,55de87a411c232e8edfe7493eadabe6e4b4cb619d6294887838069eea20c4b1d
scripts/git_sync.py,5326,7f33a7733763aaa5b6fc9e61b2f69ca082621e83150f8fd7457d69733e7c2c7d
scripts/nb04d_seed2026_runner.py,47909,649636b0c655fd69b2925b6856ba38db8732d095a4034a9afa80538b54f8b489
scripts/nb04d_seed2026_segment1.py,59048,e790c53dba999fcf1ff8bc995e6abeb954c20e5e768647779ba966ba55456986
scripts/nb04d_seed42_runner.py,47720,8fc0846f9479ff128e5709a23ce5d5d8296b197edeba2ef60229db59c5d24fca
scripts/nb05b_unet_lr_pilot_continue.py,65018,a028065b82da97a722caa990bf03da3703e228cec1393a219ed207de382ff431
scripts/nb05b_unet_lr_pilot_segment1.py,53313,6ff85c63b7922c5db7a1f51ecdf9b947e700cc5225b4366db6bca323e8254de1
scripts/nb05c_unet_primary_seeds_42_2026.py,52416,6827eb7ec959271678d13b09085c3949d260772cfc8484944cb761416efa2ee0
scripts/nb05d_segct_clip_reproduction_audit.py,24148,a4c8006d7c8bc558ecd3a2655b901c0d665f55bd0d1583a8510fc431cd7578bb
scripts/nb05e_segct_clip_visual_adaptation.py,85880,192e5f2eaf5649b913b1ef8c7b6d678fe209e4a7b3d766731cc9ca158bd09f93
scripts/nb06_isolated_orchestrator.py,8606,8454810ab30f4519e3c559f9a15f1ecc671c42222a48723a887e5b7167124731
scripts/nb06_random_controls_rescue.py,21221,19a10e2d48b97925533ce0d3af666d20b93ea7126100261479fda351bbfa2e4d
scripts/nb06_resume_after_shutdown.py,8512,4f8bfa8fc697c06c5bd83c5ee482d4341ba1b5d4d7152f1c444156a0238b788e
scripts/nb06_semantic_branch.py,33512,155fdabaf7e5dda5fee997278f24bf0327a2f368e666106919dd507f01f956cd
scripts/nb06_three_hour_turbo.py,17979,371d6d0e667e452323e86a29e08d7e9243808c2374a22f021bb68089ee8fcdeb
scripts/nb07_b050_seed17_three_way.py,92629,34641b784cffd24c64202c6237b12ef45547c89be8fef6ea7e3dfdd68d5f9213
scripts/nb07_b050_seed17_warmup.py,41054,d31f0bab102d2b75d08468529c9ad3020d7c72cbb8405b5462782bc94edae800
scripts/nb07_b050_seed2026_three_way_locked.py,93035,5a28eed4635811ea2a84a163e04d2c7f2c9f6152e9fb0e6318d5fe41c2b17dd7
scripts/nb07_b050_seed2026_warmup_locked.py,41253,53d0a45173ed75aa926eb16657c774968aff71104f74b6c6b45491fb322ee15f
scripts/nb07_b050_seed42_three_way_locked.py,92953,634a2fa6559889338c9037177a1d22d73566cdb8d667239035904c82c2a22545
scripts/nb07_b050_seed42_warmup_locked.py,41216,34b04820bbc931e0df50d97454203f57096b7792f04a2e982fc964b94856e1a9
scripts/nb09_corrected_qualitative_figures.py,22560,3ac8841e5b23a2c739c363520f5501d40c7f14707094c389c3123053b8b97f17
scripts/test_metrics.py,8322,263034fb24e61b13a1e590ea74254d2d4de2019e95b57a80ff0eac6e90dcf36a
src/evict/__init__.py,0,e3b0c44298fc1c149afbf4c8996fb92427ae41e4649b934ca495991b7852b855
src/evict/metrics.py,6457,ef961e8da4d00975c48184e571ec9809e660ee27df02f4a9c11cb7b31f6ffaf6
src/evict/models/__init__.py,0,e3b0c44298fc1c149afbf4c8996fb92427ae41e4649b934ca495991b7852b855
src/evict/models/segct_clip_visual_adaptation.py,4858,774c3e05be2660fc852d86c79d07906bc134380b5899d9db5a767177d1e5ba39
src/evict/models/segformer_b1.py,9800,d731ff16e4b14e86404b2f9dcad3588ac918703620c5d844be7e80514defe570
src/evict/models/semantic_segformer.py,8915,e01d85717f306acacfaccfec578c8dd19a3a3936bdaea5410176ee03578d355e
src/evict/models/unet2d.py,7723,f7f6baae137dd6f16ed91ce834d4c607adcc7686f3187eee590fe07897050b28
src/evict/preprocessing.py,7901,9316263daa60fe00e0d58b624da646554ad7564820ffec0b7934d4ece6f0c017
artifacts/audit/durable_backup_catalog_20260927.json,12878,cd732c024f6a724d42413e20baac5da7e846e9401eed11103d63f494c5d6d804
artifacts/audit/metrics_unit_tests.json,7701,051a39721ceb6be790747e4e4c066bd0399f3fd09e0b97ca769e396da11b0ed7
artifacts/audit/notebook04_checkpoint_logit_audit.json,1800,ae16fb0c40247c6e258dc6e83fc1739db5e3bbf17c0c2505461c6484c4ce0830
artifacts/audit/notebook04_final_figure_style.json,424,ddd0d9fe4ec268fbd3aa4a1d59b84f163030fd82e56150d7b75c8ca1e9f13400
artifacts/audit/notebook04_freeze_manifest.json,2783,09378c7dd976ce18e62a915b000a2f9f2a2317fc601eb7414231b1e6dcae24de
artifacts/audit/notebook04_three_seed_source_baseline.json,3157,5697a9f5f4c2486914e2a14e5aa0a50c69ce73fed741e43e0528258ba836730c
artifacts/audit/notebook04b_model_smoke.json,3622,60385dfcb69b173efc195f54c7ef36f3ad57d4a7269c77487d8fdfa9ec5d3b1b
artifacts/audit/notebook04c_audit_recovery.json,530,b9773d9d8c0f0d0fc818f0c903ba5481c500fcf5c3e42cf7423f13de96d14d4f
artifacts/audit/notebook04c_figure_style.json,617,255807dfcd4df9f17f936f747e0be69aac431401676f00c33bece599d3724d06
artifacts/audit/notebook04c_final_metrics.csv,414,d080ec9f02b647e4d9de64a79a024d8f131de174f2cfc9f0cbc438ac093cb3a2
artifacts/audit/notebook04c_report.json,2522,cdda47637aac7a3c023484f8ccf338ac45b0d3b07fcc7f13ad95908ecccce649
artifacts/audit/notebook04c_selected_samples.csv,945,c57f212e28f53ce647e944d8cd7de49d64e2a1fe1d679c7d0f3aed71bb856b30
artifacts/audit/notebook04c_train_log.csv,836,b32da5eb3ebc2956d3d9c4c8e986f27c9f28e3249c2ae97d39732c95a65bde26
artifacts/audit/notebook04d_failed_attempts/fp16_overflow_before_step119_20260927T081629Z/failure_record.json,518,c90b7a4d2ead1402fd6a2dbe172e6f89d952ad102936c59bcff673601a5334da
artifacts/audit/notebook04d_failed_attempts/fp16_overflow_before_step119_20260927T081629Z/notebook04d_seed17_config.json,2220,45f66fd579685840c97aa2ebf046a4639588a2e19c6019fdb17bc41e792cb190
artifacts/audit/notebook04d_failed_attempts/fp16_overflow_before_step119_20260927T081629Z/notebook04d_seed17_hashes.json,377,e06c174994c3ee933bd7d4546273b0736ff870bc333605c92e1102194aa9a048
artifacts/audit/notebook04d_failed_attempts/fp16_overflow_before_step119_20260927T081629Z/notebook04d_seed17_train_log.csv,13637,1c939a820d9457c36c943bd91b3774713db3e6110783bbb3b6b0351af4ce18d2
artifacts/audit/notebook04d_seed17_best_logits_manifest.json,950,6060ef135bf355816e8f2321c964d97fc5089699893e36c1d73a9b66baafd227
artifacts/audit/notebook04d_seed17_resume_audit.json,1075,73c75807281dce3c3a5d7768fe02c0af653b7035f8b65fc4ec07902145c0d35d
artifacts/audit/notebook04d_seed17_runtime_state.json,719,a8a7f5ac5382630dafd1a6019caa8829348d46c0fc64dfae3da1c6bbdb45bdb9
artifacts/audit/notebook04d_seed17_selection_case_metrics.csv,12166,e459f31eeb87a21f22f0cf7f61e513a2fb5460a46f75c0ec5be6f13e211789fb
artifacts/audit/notebook04d_seed17_selection_metrics.csv,5162,63fceb056f7564f287b1f04c39fc2d0ce7e36859a0e57473443428eb717f41d2
artifacts/audit/notebook04d_seed17_train_log.csv,906014,848f073aa82c2bed1275185a170c5933fcd5a1544af16f61a205e91040cf0279
artifacts/audit/notebook04d_seed2026_best_logits_manifest.json,966,4c114b192974bf27b45d1f1e63ea9445e47eeae673c32aafb0adcb45ffa66962
artifacts/audit/notebook04d_seed2026_final_durable_backup.json,807,ddb6179906e6a3ce034a1e5bf9eef00b113c44847b2330852d001c88ef75ad0e
artifacts/audit/notebook04d_seed2026_resume_audit.json,417,d73d6c18c8c4915b2b26cb7f4f1a2f997e1d5f440f49ba33a48133c260592ba0
artifacts/audit/notebook04d_seed2026_runtime_state.json,508,6dd5bc0d187e76bbd384ece50b2e247b1b5771f423bb38d8dfc9df604d115ebe
artifacts/audit/notebook04d_seed2026_selection_case_metrics.csv,12175,4fbc7d1362b0e3975df9f54a21d86d2dd0e7df0a267d691bec0f6c323c217f45
artifacts/audit/notebook04d_seed2026_selection_metrics.csv,5153,2136ab11909d9be09db93a6ac54695dcaca69e1ff9bdf617ff14f8bc190cbf82
artifacts/audit/notebook04d_seed2026_start_audit.json,752,07bdaca6c5d1795456253c8a78b57f5654303814c5da883f15d86c0edce81b11
artifacts/audit/notebook04d_seed2026_step1000_durable_backup.json,909,cfa5fdaf8e078476482e30968effe01d10acae6c72a83e99737eb0bb62f5b4cf
artifacts/audit/notebook04d_seed2026_train_log.csv,906032,e0f736693b5b3b6794877085463a2e47147a5f282e1e4066ad0cee464c001099
artifacts/audit/notebook04d_seed42_best_logits_manifest.json,964,2c1dfaa03d21a5bee9cb267ba171c4174575aaf5958d50c222ccc7355213a5d5
artifacts/audit/notebook04d_seed42_final_durable_backup.json,799,5a1b6b6a3bfc30dc2eb1350d2a0274369f469f8cf23960e8c1de748524342378
artifacts/audit/notebook04d_seed42_resume_audit.json,415,56891f080b8f710ccf35bbc2c46c5a94b75dd31ddb3677bbfc0b559f0527cc80
artifacts/audit/notebook04d_seed42_runtime_state.json,506,d5c5affbb3947c021551ab3359f4c25a83a4809e6a24847e75bbe12b15835a38
artifacts/audit/notebook04d_seed42_selection_case_metrics.csv,9748,490da0f5f5b247e8c05639b098ff037411d09378aa82e42271240cae3ea9576d
artifacts/audit/notebook04d_seed42_selection_metrics.csv,4196,e48145ed07e0c6a2063b9c05473c56690e1c77e56c7c5885f4c184edccc0e056
artifacts/audit/notebook04d_seed42_step1000_github_release_backup.json,1529,02782f857fd9586d6b4128935464b5381fe0eb70680d1533d71f9837c9e39d47
artifacts/audit/notebook04d_seed42_train_log.csv,720552,0e58e59cd67b4d73fa93413fb1bb90780ba4218c1d2b6044bbbe8071e682148f
artifacts/audit/notebook05_unet_three_seed_source_baseline.json,3130,e73e83f06d0c8c6863713d3b164429d403c8aba5fa7b2a81c8abff8cba0c3651
artifacts/audit/notebook05a_unet_gpu_smoke.json,1630,3debb358491978c9a8938af628d95fb1418dc58c4d1a4f8d356e4d7c426e7430
artifacts/audit/notebook05b_unet_lr_pilot_step1000.json,1683,fc39fb9c14004fd2e68eb3eb915bf76e1172a35dad4d5852024fcd51a832a6d6
artifacts/audit/notebook05b_unet_seed17_lr1e4_best_logits_manifest.json,1140,567160e968bf244d7f72d030492e98a9be8fe2adcc09ae3c273aed62c57dd586
artifacts/audit/notebook05b_unet_seed17_lr1e4_final_durable.json,802,7fb6393184234abdb5c30647eba7cefae7949adda8dba0114f843dbbe0e71958
artifacts/audit/notebook05b_unet_seed17_lr1e4_interrupted_resume_repair.json,495,50692f8d4b76c30b2712b72b6481284198e1f196e35ae009288972c2a137ed34
artifacts/audit/notebook05b_unet_seed17_lr1e4_resume_1020.json,796,36c40974b99d072d5b87282d209b94e2dd8245140b86099e4f9a32522aad6972
artifacts/audit/notebook05b_unet_seed17_lr1e4_rolling_durable.json,721,1ef3ee7d22533576faabeb33025364f87b6dc11228ae2c0cf67baea1c18b33a1
artifacts/audit/notebook05b_unet_seed17_lr1e4_selection_case_metrics.csv,9466,cbc54654052f8beef73fa5423125514a4ce94c410326eaeff5506e20cd512a4c
artifacts/audit/notebook05b_unet_seed17_lr1e4_selection_metrics.csv,3163,692bec589723f6e859cee8cc961bf23f43ce89cd21c6da596cc98324fd314730
artifacts/audit/notebook05b_unet_seed17_lr1e4_step1000_durable.json,830,2dc3c493ec73a92f52c39b6ea0c584ec5658b3033720cee64f1276be8a23d4ff
artifacts/audit/notebook05b_unet_seed17_lr1e4_train_log.csv,335494,f3e7c83e377675d3d04787248dec29c5a1a53d6437fbf0aed070b6b01e4b2052
artifacts/audit/notebook05b_unet_seed17_lr3e4_best_logits_manifest.json,1140,a0786a59720e93cff82b8da009d5055686ffcef014bcc60dd67738b72b043155
artifacts/audit/notebook05b_unet_seed17_lr3e4_final_durable.json,801,4bea705e18210acc0e3dfed4d48291aacb79160f2fc72a2e1d66e75c76329d67
artifacts/audit/notebook05b_unet_seed17_lr3e4_resume_1020.json,796,ff18915b8d48ac2cf89d41e3f11c735bebb3b38eb47d7aacda00d79e8d32b4b8
artifacts/audit/notebook05b_unet_seed17_lr3e4_rolling_durable.json,720,052db4fcb1ed4f8567f091b9c17f88dd5b032c93d5da22f24f530aa9fba8396e
artifacts/audit/notebook05b_unet_seed17_lr3e4_selection_case_metrics.csv,9459,0682aac26734f66ce6fcd9b3ca77d9eb0953770fbfd9e5209fd2a2c3ee787a18
artifacts/audit/notebook05b_unet_seed17_lr3e4_selection_metrics.csv,3149,145fe5b9b03ff96cc7812c6e112a5511fac12288d677370a816218bf91018ead
artifacts/audit/notebook05b_unet_seed17_lr3e4_step1000_durable.json,831,bc1c5b44d282cd332165232957ac01f3cdfe51f3672c8448f08ed3672b7c0918
artifacts/audit/notebook05b_unet_seed17_lr3e4_train_log.csv,334502,271520b1fc13edfe6be4abc848441a53aa5605bb53518a19e13514329581b9e2
artifacts/audit/notebook05c_unet_seed2026_lr3e4_best_logits_manifest.json,1140,4307fdef9bd5273abcf5f091e15f3bcc21d1d22d7402d8fe1f132b4f792ea602
artifacts/audit/notebook05c_unet_seed2026_lr3e4_final_durable.json,874,bbeaf5ce2668621ed524dc7a5e9f1270efca4e472576216cbb0cd5ceabd929c3
artifacts/audit/notebook05c_unet_seed2026_lr3e4_rolling_durable.json,700,6246091e716d4cad118c5d104544b960606dfc8b85e662c677ee2ca1a71980dc
artifacts/audit/notebook05c_unet_seed2026_lr3e4_selection_case_metrics.csv,11844,5d499e949c71378d74644323a2a9ced07b767e155914334d0201c01252a8c494
artifacts/audit/notebook05c_unet_seed2026_lr3e4_selection_metrics.csv,3921,43d8ebc444316b87b07416eabe4612d7cdf40cd03807da55bd92c985fd79ddef
artifacts/audit/notebook05c_unet_seed2026_lr3e4_train_log.csv,461166,367b0dcbd30f17fb4410cbf62722d4c7eb885539c8d08f9ae34d8cb93a5daed3
artifacts/audit/notebook05c_unet_seed42_lr3e4_best_logits_manifest.json,1138,7c3811e293b9ad6cae0a84a62c1fc38d63c9c73118eb57ae371b757e40146ee0
artifacts/audit/notebook05c_unet_seed42_lr3e4_final_durable.json,866,063c13d3068a0be77fd9f2bd3ff041eb6456ba2b123931ea0cd180b4e2d6a556
artifacts/audit/notebook05c_unet_seed42_lr3e4_rolling_durable.json,692,c308c71dff1ac5ef95b9abb20d4546adca7aa08b4ed92675cd12fcac229c227f
artifacts/audit/notebook05c_unet_seed42_lr3e4_selection_case_metrics.csv,10402,ba5c8523f46e44ad92d1bdd196390de7687a37dff40445aa86878edb6ee3a4eb
artifacts/audit/notebook05c_unet_seed42_lr3e4_selection_metrics.csv,3475,50c80146caea7fb6232d9673903fbd7217813a40fcd14be349a6a63d7e9f25b8
artifacts/audit/notebook05c_unet_seed42_lr3e4_train_log.csv,401471,022ac336887e27f8d7ad15b3837ae772d893a770b01d8732392d173b614301ae
artifacts/audit/notebook05d_segct_clip_reproduction_audit.json,9580,00ef6e6751665ca1dae0189deb2504d4b6e87e8ab4e47900e652cc42ffdb184e
artifacts/audit/notebook05e_segct_clip_visual_feature_cache.json,8198,7a99b6a47bbcd2fa053fb0c70b3242705d0ffe483c4c745ed77c6f74597eb145
artifacts/audit/notebook05e_segct_clip_visual_gpu_smoke.json,447,c1b868dc9b020c01d292611b01d6cf1262e2320b9d5f8fa2fd73ad56e3cbdc13
artifacts/audit/notebook05e_segct_clip_visual_seed17_best_logits_manifest.json,1186,578f301ba61d294648027a9f95b0a776d6f6c3073c02a396741affbe5eca13c2
artifacts/audit/notebook05e_segct_clip_visual_seed17_final_durable.json,931,05dcf36e4125282743c7a0d316aaf21c722b96132ec9ba39bb8ae2f962b4e360
artifacts/audit/notebook05e_segct_clip_visual_seed17_rolling_durable.json,757,cef1d2c9ba76294bd991bcaf5c7e0ef12243a8c59ae28faaa5178434791bcabf
artifacts/audit/notebook05e_segct_clip_visual_seed17_selection_case_metrics.csv,9957,f12320a7146959a6ee0bb376413d8c77b6c3d5724304e236f45d0e0c07243452
artifacts/audit/notebook05e_segct_clip_visual_seed17_selection_metrics.csv,3322,8cba965dee7d68485c5bfaa1ce6b382a469bebd9efbc0c453ec7c20d85db7c27
artifacts/audit/notebook05e_segct_clip_visual_seed17_train_log.csv,251498,eca205e098a48fb5d360fd1c7f2a5593c9c67ccd81b2e7ecf51c66a38bdd3d6e
artifacts/audit/notebook05e_segct_clip_visual_seed2026_best_logits_manifest.json,1188,2c080a57ad082d127075faa327d5f4b8ee84ebca0aa28239361d6193ce672613
artifacts/audit/notebook05e_segct_clip_visual_seed2026_final_durable.json,939,2855006b834d0dbd3aed6d799dd1ace828d19c5684f69df5036e736c43b731ac
artifacts/audit/notebook05e_segct_clip_visual_seed2026_rolling_durable.json,765,feaa08e8818dbedd8c938c7754ccca78dd5a12409be5216fc8dbe7efcf354c4c
artifacts/audit/notebook05e_segct_clip_visual_seed2026_selection_case_metrics.csv,9468,3629a57bd89e5b113ebbcd4511e4fa503c5f333e0248ab5ef8843c770626a1ec
artifacts/audit/notebook05e_segct_clip_visual_seed2026_selection_metrics.csv,3153,bd3a08136effc0318a27c3e9e6aca1c2977a2ec1def9db59b07d1f1c68b38362
artifacts/audit/notebook05e_segct_clip_visual_seed2026_train_log.csv,243790,efe80f1000905466127dcba857a347f7e834d7b3787904148a0418869ab735fb
artifacts/audit/notebook05e_segct_clip_visual_seed42_best_logits_manifest.json,1186,a42d307edf6e2ec4ba15de1c65626395ee213475d121d5bff32b2e9a7a45fb06
artifacts/audit/notebook05e_segct_clip_visual_seed42_final_durable.json,931,b79824fde7755cfe0dbf783914684c265135200bf640037251ff42508255f805
artifacts/audit/notebook05e_segct_clip_visual_seed42_rolling_durable.json,757,dfa4c4108c7dbe2d9a27b0f8588b50404cefa12de125626e761dbb2dad9bbfb8
artifacts/audit/notebook05e_segct_clip_visual_seed42_selection_case_metrics.csv,7481,a615c702ce6502535d29b68913b83eddb3844066c2bf3b43c51c82354e31a31e
artifacts/audit/notebook05e_segct_clip_visual_seed42_selection_metrics.csv,2541,7eb4249ee42c88ea2e07af9b9dde76611b1b2e44f19a64852fb92c3f3ccd0915
artifacts/audit/notebook05e_segct_clip_visual_seed42_train_log.csv,188648,a4ee1b52bf7b55ec6659d2071bca1df764423cffbb2a11f161ed7853b4dabe27
artifacts/audit/notebook05e_segct_clip_visual_three_seed.json,3135,5f4f5d030c4ca515794a564704ba96ac1c47fcd06722b159156fae57bac9cc21
artifacts/audit/notebook06_random_prototypes_seed17_final_case_metrics.csv,706,a5374dc1d74227d7d8ff4c83e16d49dc7b76e76e6015efdb0fa29c5d480686df
artifacts/audit/notebook06_random_prototypes_seed17_final_durable.json,855,e8f1282dc5b188c7e8d817fdb42d19568d0cf4db223e708c91c00b572e424cd6
artifacts/audit/notebook06_random_prototypes_seed17_selection_metrics.csv,2971,0b977b61e5760b84a18a98adfbf55f715a6bad45bc730cb7ef3f802c9983b965
artifacts/audit/notebook06_random_prototypes_seed17_train_log.csv,462457,9493a19167abcbf1ba8a7ffd8afb746fe64ddd1dac6a091d3658750cd31ce6a8
artifacts/audit/notebook06_random_prototypes_seed2026_final_case_metrics.csv,715,e1f421a43270c480921cf87b57987954b4ae73fbd7d5ef492606cae7b574e0ab
artifacts/audit/notebook06_random_prototypes_seed2026_final_durable.json,859,2f2e5898b6d4a3c2b1a4bcefb15041e76894937534a0e76d90153a9463568af6
artifacts/audit/notebook06_random_prototypes_seed2026_selection_metrics.csv,2795,5a5278815a1d8af768c51890abc59df6863a45e4d7325c8eccce0f69f5e39fab
artifacts/audit/notebook06_random_prototypes_seed2026_train_log.csv,457595,afc37543d948f2120857ee7d01e5214dfc3fc2819da2490ccf6f67eba11f0610
artifacts/audit/notebook06_random_prototypes_seed42_final_case_metrics.csv,705,fe2fd9beeba9a3ff557f0f46d2630272742330862717556394bb0c56bfafdcbd
artifacts/audit/notebook06_random_prototypes_seed42_final_durable.json,856,66b756349ed33f1d47f12268b65a8f9507fdea12c807724110c01c41604c56f8
artifacts/audit/notebook06_random_prototypes_seed42_selection_metrics.csv,3199,27c79299e1d4e10a4d2d0efb216d49bd961f91e27417f632e592938583dc5b0b
artifacts/audit/notebook06_random_prototypes_seed42_train_log.csv,533630,fd202d9ec00c6911c982ad52512d27bebe703361d51c1abb57b36cc4b71d349d
artifacts/audit/notebook06_real_text_seed17_final_case_metrics.csv,703,9d3859bf8acb663fd90c1eef020e178809aac6a32b449d88ddfcc9d58956d12d
artifacts/audit/notebook06_real_text_seed17_final_durable.json,841,6593d2737dbc738066db370beb17de0092561489e86ae9faed274e1aea5b7f02
artifacts/audit/notebook06_real_text_seed17_rolling_durable.json,469,5e66b93b959e8e7bbd5e41de3c5d503c5e67f85b4a3a647d38e5697b267bbe83
artifacts/audit/notebook06_real_text_seed17_selection_metrics.csv,2996,1f9f46d87c9a1b3b199197db7cfef624fe6ce1afbf30125171e5fd61641090fa
artifacts/audit/notebook06_real_text_seed17_train_log.csv,491400,ff9439e740c1b7e38e14d569825f2f4fd7b07eca90ca02c855cda8eee0442238
artifacts/audit/notebook06_real_text_seed2026_final_case_metrics.csv,709,208c8b3a5a0f4ae768fab89873017d4eefb55bba031e488e2730207545b89606
artifacts/audit/notebook06_real_text_seed2026_final_durable.json,843,0cf86fadc0710234b390857a0600a24c824a29983be6a14af16e64e4ee8bc09e
artifacts/audit/notebook06_real_text_seed2026_selection_metrics.csv,2775,f115c8c7ed5cddf946303cda832736abfb134a404a25060b9a242e807a089c65
artifacts/audit/notebook06_real_text_seed2026_train_log.csv,432229,f00b2cd67584874f05fac7d4cf0dc3d36412b98ec5da816afcfd64bb8290efe0
artifacts/audit/notebook06_real_text_seed42_final_case_metrics.csv,704,2b89f4d05886fdb3c91262d89aec73b676ca6044f1d2d20ba0c0543f4b494602
artifacts/audit/notebook06_real_text_seed42_final_durable.json,840,a486c687c7a34cf1c4c1b218a93ccd5aa51799fbe0d3348a99f14c58275cbcdf
artifacts/audit/notebook06_real_text_seed42_selection_metrics.csv,3406,94e4976ecd614a0e24c6b07ae80931bfe9ba8bef70ff7a36b7155af4c96d4e93
artifacts/audit/notebook06_real_text_seed42_train_log.csv,550297,2f1ef3abd2c471dc3a3375534e29b135333c944c5c883c81217379845c3fc29d
artifacts/audit/notebook06_semantic_ablation.json,2156,94403f6d3d26c049b9d4b5a9f7ae4539509ab16e54ab35b9ba267f1bdea90fca
artifacts/audit/notebook06_semantic_gpu_smoke.json,266,f6dbef1aca2a2e921912ff492add3435aa437a49fda20e9a626a4177b76e43c1
artifacts/audit/notebook06_swapped_text_seed17_final_case_metrics.csv,705,e48ecfa591e90baecefb18c5ff37e10c1016608f8eb4ab440c0e417437eecd56
artifacts/audit/notebook06_swapped_text_seed17_final_durable.json,847,8c80cf414f01d949bf332f0b7aa100611691dfe1642c8a7fe38989e8334aa7e5
artifacts/audit/notebook06_swapped_text_seed17_selection_metrics.csv,2975,89304797f797b3b417c953707c1f4428b3c108c90cccb50255af328e3537c890
artifacts/audit/notebook06_swapped_text_seed17_train_log.csv,467715,9b5eeb5d671f71c462d98901a9ce3d1488c06fd6db4cac682ad8395fa048c744
artifacts/audit/notebook06_swapped_text_seed2026_final_case_metrics.csv,715,3cc697f52b40ce03d619b06212854641a81a6f1f1f8e5f18a2cd9af26cae4bd9
artifacts/audit/notebook06_swapped_text_seed2026_final_durable.json,851,016182f3365a74b2b77ad776c2dae0a0b05ad9ceb31dfce3f8f2d218801a2c99
artifacts/audit/notebook06_swapped_text_seed2026_selection_metrics.csv,2779,10736d6e093643424e4e46b4cc3a88e12115204d5a83e5701d318693e50af335
artifacts/audit/notebook06_swapped_text_seed2026_train_log.csv,432253,1fbc72ada3cc9bfbbdc3cd7c341fc1c4bed1aa8bf0ff474106f51347889e3e85
artifacts/audit/notebook06_swapped_text_seed42_final_case_metrics.csv,704,217c94795b1e9aa2a62c17d87f4807c936aca7263a6d1984775db32c1f408232
artifacts/audit/notebook06_swapped_text_seed42_final_durable.json,846,1ad33c0ff27d4479ac1081f9f46038e4ae3819e71fb59d4e8b34cec2cae9834f
artifacts/audit/notebook06_swapped_text_seed42_selection_metrics.csv,3408,87e418dbe00a41e96dcba89e360eaa04af491b37c08a7ea0cdf058c7d636df00
artifacts/audit/notebook06_swapped_text_seed42_train_log.csv,562584,12625f75625f581fd3153e6844d934abfcd22f18ee1bbbc7403bee740808da88
artifacts/audit/notebook06_text_prototype_manifest.json,419,a44682e5b2dd1fab59d4e92520a6254788911e688feb1a96d7ecfdefc4b9a412
artifacts/audit/notebook07_b050_seed17_agreement_filtered_ema_final_durable.json,2557,8741882ffc2e233a8ad7527400514ef39299f1470e1ddc6821564c17bada9423
artifacts/audit/notebook07_b050_seed17_agreement_filtered_ema_rolling_durable.json,571,d05e95c37816a66f17a567d4177e08be8d694b679738fdf4587469aefa19821e
artifacts/audit/notebook07_b050_seed17_agreement_filtered_ema_selection_case_metrics.csv,11567,79c445bba6d1beb75fe65ec0ac809eacc58037178f53c1ea2360d5c1319b9111
artifacts/audit/notebook07_b050_seed17_agreement_filtered_ema_selection_metrics.csv,2652,23ff9bc83e57826788cba8eba06565c05dd0eb5687bebcb01edace751831020f
artifacts/audit/notebook07_b050_seed17_agreement_filtered_ema_train_log.csv,629208,9a5b9ca0524393cdf4db2d9418268550aa317b29d0bd1507795c9a09b95feb92
artifacts/audit/notebook07_b050_seed17_confidence_only_ema_final_durable.json,2550,804e5d3f9ec2c331fb3a9a56352be9d2ce56a76268c40d72aa10d971068011ea
artifacts/audit/notebook07_b050_seed17_confidence_only_ema_rolling_durable.json,565,a3e4a1b0ce6adb49413a3b45dfbd1ab9b6c27d35124351aedf8a95759b0cdc23
artifacts/audit/notebook07_b050_seed17_confidence_only_ema_selection_case_metrics.csv,11582,9a90a6869ad94805b5c13ec823975d97d9d9d8c5a9005c8908bb3da9069ed86d
artifacts/audit/notebook07_b050_seed17_confidence_only_ema_selection_metrics.csv,2633,dd6089be6a1bdf13b6a0e034e31881f09135c75ce4e5594135f2f710a6895ea1
artifacts/audit/notebook07_b050_seed17_confidence_only_ema_train_log.csv,622538,c42c04e94b6a38168662599966e01aea0ada8d952216446c7a2cb4e6fdc4584c
artifacts/audit/notebook07_b050_seed17_pseudolabel_diagnostic.json,4768,09ec8cf42907b611543f324ca4e7ca9f681e57140f336fefa206c1086d352af3
artifacts/audit/notebook07_b050_seed17_supervised_final_durable.json,2457,3ee9c7db661adca891365f82a75dafc51228f0b3030bcf4998a503c088ce9bad
artifacts/audit/notebook07_b050_seed17_supervised_rolling_durable.json,546,e5f2e64d582689d86dc4118d160bf2b236f2dc6dd30526bf9798a00437514f4f
artifacts/audit/notebook07_b050_seed17_supervised_selection_case_metrics.csv,10263,c97f860a93105d3d6960f82d4b71d70fa12bb1068423fa5501a2c3b7ae6e4237
artifacts/audit/notebook07_b050_seed17_supervised_selection_metrics.csv,2752,4f91bb2ef1e6a01c34c9e410676c0c503c4aa1109ca363b8f0a5beb731d4b1e5
artifacts/audit/notebook07_b050_seed17_supervised_train_log.csv,686971,f5064ec1701010b5679667d2efdd60a15d3aae1c27ef2bcb8777fe2fca11692f
artifacts/audit/notebook07_b050_seed17_three_branch_smoke.json,6430,252c24c1341dad8b205ecdba02dce43bc2194452b46844ee64ec36092eecaf1d
artifacts/audit/notebook07_b050_seed17_three_way.json,2309,bb9c0e7a856362cb525f3c67cdf88c17b21c1962f04c349e651cf1010fc8c4df
artifacts/audit/notebook07_b050_seed17_warmup_final_durable.json,1737,21c74d34ad9f97ffba432c1a2074e1f8dcc8e79698be8bb7dbef5651d569d562
artifacts/audit/notebook07_b050_seed17_warmup_rolling_durable.json,522,115a0b489c7df594aaab2f3f6d3eb51ea82eb9a93a44608861a12625d2605d77
artifacts/audit/notebook07_b050_seed17_warmup_selection_case_metrics.csv,2508,4edb046bd52dc26c0654ba3cdce3fbd5a1a26e722ad7a130da207780313f877e
artifacts/audit/notebook07_b050_seed17_warmup_selection_metrics.csv,958,e2458340172055b57d1e170046ae58ccc85be1f55981f7a88dc7c6f885ef60a7
artifacts/audit/notebook07_b050_seed17_warmup_train_log.csv,163769,146231ed1f9d2521fa7323976d8bf6a9cf9bdc96d2163e15e37aed20e4849a74
artifacts/audit/notebook07_b050_seed2026_three_way.json,2317,6c0bdac3c10f4a0bf616bb18aa692c6c957d9ffbd85d5e6649b16a247449c252
artifacts/audit/notebook07_b050_seed2026_training_state.md,952,f02644a4cc57e6921958e5b24d4093ff3fa5ae1115d0756fb6e3e5f959c00036
artifacts/audit/notebook07_b050_seed2026_warmup_final_durable.json,1742,8d4f339fcf33e339979eed5783d01d707250706cd2d81d1bb5771313f24e6fb8
artifacts/audit/notebook07_b050_seed2026_warmup_rolling_durable.json,526,3a15d438a4d09fc0dde04022741e51ef0b586ea49019f83e31eff2b7ee44d873
artifacts/audit/notebook07_b050_seed2026_warmup_selection_case_metrics.csv,2516,771397e297759430bdbddabaac468ee8a501f14ef3097b52cc0273c9e8239d9a
artifacts/audit/notebook07_b050_seed2026_warmup_selection_metrics.csv,963,11cd0c2c3df99bd3070057171fd15ca1bf5ed471c88ad17a60e37c3143abfaee
artifacts/audit/notebook07_b050_seed2026_warmup_train_log.csv,163630,a1be1977004392a095b13758dba7ef5ecf65ba48e0e980e945cd768bfd7389e3
artifacts/audit/notebook07_b050_seed42_agreement_filtered_ema_final_durable.json,2557,0530be61299166fef76187865a8f81d495833b8124db5243aacfd35db489561a
artifacts/audit/notebook07_b050_seed42_agreement_filtered_ema_rolling_durable.json,571,d8fc3f316776fedbb0901629d534acdfa2c908e61ad92d8fd6f50a018f29c147
artifacts/audit/notebook07_b050_seed42_agreement_filtered_ema_selection_case_metrics.csv,20501,4f2bedbb9252d3359288947204c29cf0063a75a526ef67ef21c3bf0ffcbf73d3
artifacts/audit/notebook07_b050_seed42_agreement_filtered_ema_selection_metrics.csv,4453,7b3ae148e87456a966ffda3c3948c7342895917c8ed55ebd993569ad6dd72ee7
artifacts/audit/notebook07_b050_seed42_agreement_filtered_ema_train_log.csv,1119035,682fe6d102dc664bb27bd20fbd80a41d2291271ec454d96153306cebd34ee3f2
artifacts/audit/notebook07_b050_seed42_confidence_only_ema_final_durable.json,2553,3f9316320e9bece3ac4f8d5e7b46801c38f369fa3a1ba4162d3bcb53947e2ba0
artifacts/audit/notebook07_b050_seed42_confidence_only_ema_selection_case_metrics.csv,12843,778cc15493a29e6bada11977fc959da6fb0eaaae858848d345625163945dde9f
artifacts/audit/notebook07_b050_seed42_confidence_only_ema_selection_metrics.csv,2879,0d70976c1d3bae16250ba4462b6a86dc4afca5fa4a3defb73bb45dae961b6820
artifacts/audit/notebook07_b050_seed42_confidence_only_ema_train_log.csv,691662,f6aab054776f6f3dcc9ac10e3249539cbf64c4389f75b4e1177ee4035315f3b8
artifacts/audit/notebook07_b050_seed42_supervised_final_durable.json,2473,ac5eef010e962b9619a744aadd1502837ed57ff22088adb2a6084015b0cb3641
artifacts/audit/notebook07_b050_seed42_supervised_selection_case_metrics.csv,8361,27ba2ed1e35372c01fb17098aff83d0d1a9a1ad96abe23b22d45474ed1099df3
artifacts/audit/notebook07_b050_seed42_supervised_selection_metrics.csv,2311,9dad587e1fd60120384dbc4e00c02b2037950389802724a3c32b46ba30cfde72
artifacts/audit/notebook07_b050_seed42_supervised_train_log.csv,557527,b919ad8092873845de5a07e5768ade2cfcfd2b330375565d9fe5e6653b829763
artifacts/audit/notebook07_b050_seed42_three_way.json,2309,2c348e2be0f9d0b8511c76a9cd63949c7df57962509f8f4798b2f23d27f965f7
artifacts/audit/notebook07_b050_seed42_training_state.md,646,c548e1b8773fb73bc983f82ddfe3eec68aee37fa7a755c4b81a6fff377664bb9
artifacts/audit/notebook07_b050_seed42_warmup_final_durable.json,1736,2c1e842beb5c73ced42089f59e0cb819a043e8c6714918428bc691c2114b561e
artifacts/audit/notebook07_b050_seed42_warmup_selection_case_metrics.csv,2516,a5b866102381aee146090672a524cd77a7be887ecf626bb63621d4a20dd7e619
artifacts/audit/notebook07_b050_seed42_warmup_selection_metrics.csv,960,da9a76c23739fa28510669c416aac04a2dfba81f2346dd963de72499da33633b
artifacts/audit/notebook07_b050_seed42_warmup_train_log.csv,163625,c5b4ac25fb097628d1962b9c54438ffba9aafd8436c54e154db00fc998acfedf
artifacts/audit/notebook07_b050_three_seed_summary.json,3974,07f1392453e39a1cbc800c492e975a12d91af211cc14c59608775571239ac9dc
artifacts/audit/notebook07_loader_leakage_audit.csv,1946,a056715a875110f0f8d75e68940bc3d2188ec0cc29f0af1cb0ab38d559ad9646
artifacts/audit/notebook07_readiness.json,871,47f97d9db41e3273c7d25edcf16a66c31ba7d0fa311dac940c1dee1871e8149a
artifacts/audit/notebook08_b050_seed17_source_protocol_pilot.json,3391,95f0d2b05bbe34aa6bee29a083091bca150801b2192f92494334483cbfb3c5f4
artifacts/audit/notebook10_final_manifest.json,4759,16aadf1973bfb809208930209566e4663c564ea883817ed692424231da67ec3a
artifacts/audit/notebook10a_contract_audit.json,1901,10b7eae9f39e2aa7faf57bef09e9b3b6b5df894993d5a0d0dda6108ed208487a
artifacts/audit/notebook10b_evidence_builder_audit.json,2155,02d95ac8477b34b8fa61e737b3406f47d595c3b4df47221b3f51127c2ff02766
artifacts/audit/notebook10c_independent_evaluation.json,2216,f1bb6a1ae96e1a9f95c3850b69018c777821a09e7edcdece758ab51c08eaa1cc
artifacts/audit/notebook11_final_manifest.json,3152,ad94399042bf1b146cee0471a8a32898f81ca00119d9f9abc2cdccef776fad74
artifacts/audit/notebook11a_deterministic_reporting.json,1933,ebc8459d254a8c990759a9fd1c7a082f7ae3a3808ea3dab2fbd791dcd0ab358b
artifacts/audit/notebook11b_qwen_strict_reporting.json,1425,b0de45c8916e996482b37cbb7422e3bc81c0ae04ed873c43ceb5e99bfca35f22
artifacts/audit/notebook11c_free_text_reporting.json,1663,6109f7fd0e5cb91256ebe352c398a5df86a6922b658b9d4a866331f7e345699e
artifacts/audit/notebook11c_validator_correction.json,1126,7f92f8d07dcdcf263958d224f30df96ba027765f749e2c520b769d3c814f0bf4
artifacts/audit/notebook11c_validator_correction_v2.json,742,b228962b8310843c17799d5a24670d6ba5035b42e031de782f8cff18ee39e19e
artifacts/audit/notebook12_final_manifest.json,1706,09a5cf06b27f457f684b5ab433258501b363d35d268f1988d8cbdf86a4136b3b
artifacts/audit/notebook12a_matched_coverage_audit.json,3316,927cb8a5928afc4f7c01e4d3751824e0d5408215e4e10885b0ac705b48eed9f8
artifacts/audit/notebook12b0_protocol_correction.json,575,d9445ded9d201ac2b5dd43594317c325e7596642c837f6c73c1b15923b00fd4c
artifacts/audit/notebook12b0_stress_protocol_freeze.json,7148,1c84b1c9670838b82c72be8c9e4e1493db2e4ac3434dd068c14a6de16981aad0
artifacts/audit/notebook12b1_stress_inference.json,648,d73e11abab13c5bd5a2b44c9dbb05c317ffa9500615ffe3dc38e39aeedb1b516
artifacts/audit/notebook12b2_robustness_analysis.json,416,c58493f90638915ec4727cafac2c8cf79a516e477786cfc66221eead6b0a597c
artifacts/audit/notebook12b_checkpoint_restore.json,280,3ad28ed42401c330d1cb9f68f273d82fb0822b16679735d34b755f46acaa0610
artifacts/audit/notebook12c_efficiency.json,736,01010c013a67cef0829dd97c34bf71502d85be11289a54dfd1bf65ee40c89e3c
artifacts/audit/preprocessing_manual_qc.json,1046,2beca26d03c9119f11734b58928e72456a2e67f223796b685dee4a3b2f5708ae
artifacts/audit/preprocessing_smoke_cases.csv,991,62920ad304f0faf94ffb998898ed0b53a163cb52473befe71d0079deeb6822da
artifacts/audit/preprocessing_smoke_summary.json,2803,9b83f89dfeffcf2e3ee513db851b5f6ad3cdd4c3cf7df4cff22d95d6ec217579
artifacts/audit/segdb2_metadata_preview.csv,5479,7ec97fae2ffa57801331d1b1875d79d30d1350ea47218a16aee244cd07cf9695
artifacts/audit/source_intensity_distribution_qc.json,1319,9786a21293bd4fb64b5f894e75d5456a517f605e5a91a22d60a37b26da5cc06b
artifacts/audit/source_intensity_distribution_summary.csv,421,d1c4dfc9c7dfe9d3ce5be325bd0489cffd0d2ff6af4393d805e5e16ddc384fa0
artifacts/audit/source_intensity_histogram_data.csv,7154,1cf11d8fa635d72ffab0de997ebd5932809960729ec398abd80289c90dcfa456
artifacts/audit/source_overlay_gallery_index.csv,4080,a45fb561f251df19cc555609369320b8254316beb924283f1c5e8c6c2e5707f5
artifacts/audit/source_padding_audit.csv,1612,cc1c00e546911f85079baf28bfeccbebcfdbe88da2a2dd47710057519b372a12
artifacts/audit/source_preprocessing_qc_publication6_index.csv,1389,f433df9eae975260ce7908b16c53ff34618f771ccb51d7d3be77bd256b91c462
figures/non_square_padding_qc.png,242347,46cc7a05962bf119cd3fabf90929f83648dddce45c91cb89627ba5a55f92144a
figures/notebook04/notebook04_three_seed_learning_curves.pdf,15348,858b01552f9838da7ba3d5bfdb9bd789d4c932fe3309e92de429f17b14bba67b
figures/notebook04/notebook04_three_seed_learning_curves.png,509419,ce8f37d8926bb2d4eb4be1945710bc0a31b4154c98a2794065cb79a4e59511ee
figures/notebook04/notebook04_validation_overlays_three_seed.pdf,762117,94fa2d43034a833b80b14a620ed88b76d1438c8acf0a20f7ecd5733589ffbe52
figures/notebook04/notebook04_validation_overlays_three_seed.png,2257764,b3da809bdcc4f2daefa56fb5a32e2b6264c96d36e5083265d83ce619b229c8e4
figures/notebook04c_debug_representative_prediction.png,301967,e8b0e1cfd62aee4baa32edcf06e313992bc52f5b4e235c023eb96ed490cdb2ba
figures/notebook04c_debug_representative_reference.png,302096,f8aec8c2ea3698d62372c80b2ab16c2897842c34bcabe42a9e9876846dd23b0f
figures/notebook04c_debug_small_prediction.png,300712,03a785e0b4ce6927fa672aefdab148a0b8792295dc1dd72fc9a11b791b403566
figures/notebook04c_debug_small_reference.png,300710,80194879ffd206be08bf6ff10c93c5fc64c36afb280bf44c36d9f553eeb236f9
figures/notebook04c_tiny_overfit.pdf,2381531,24d161949dc880b3a15db5db4f7b5d184a03e61938d49fdf74b10396ff8b853b
figures/notebook04c_tiny_overfit.png,2073677,6f6fecdfd44da93cfc47e3d2586a3e7d201290b4d27cd5335b8b86b8e25f25f9
figures/notebook06_semantic_ablation_publication.pdf,24999,c5fec877571348555275f8e9f98145a3c1dd49ac2318ad397ba5516ea3f02f84
figures/notebook06_semantic_ablation_publication.png,522654,d541d0fc58200a2f02a8a8c65597da4a279ffb89cff45851ec76a924a12072c6
figures/notebook06_semantic_ablation_publication.svg,63943,9e80dbe305bb5c9725ed5f8a388a9ffc645199154a11853206b1a8a205bdc9bf
figures/notebook07_b050_seed17_pseudolabel_diagnostic.pdf,20151,f7d5dddae8c81b28db64c75044be96bc982ace16826027c32016e7e27eef12ab
figures/notebook07_b050_seed17_pseudolabel_diagnostic.png,287673,54946e559d1876eb99e090cb404b98fb4efa04c2a3d2a49a10be273692fc397b
figures/notebook07_b050_seed17_pseudolabel_diagnostic.svg,11875,3e67e190255f1f0b376b71ffbb27eb45f2d7f8a3ae8f924ca2eb0a8b309abe7d
figures/notebook08_b050_seed17_calibration_quality.pdf,20839,c8798b472dac866b7e4054313c067817ac2bfd4b698fcabf233fd00d1a1a257e
figures/notebook08_b050_seed17_calibration_quality.png,215117,544410fccf941a34387029160d114ae20f07b872577ffde7858668d87a184524
figures/notebook08_b050_seed17_calibration_quality.svg,13430,3eb18afe190c6f9b7585b59245ef819d0fc3a38ca50832238230548b38552ba5
figures/notebook08_b050_seed17_threshold_sweep.pdf,22364,4e4f65ba6e9efdb6cbc176502f2ccd497f0aec08fd0bd3a2fc911e88e562fead
figures/notebook08_b050_seed17_threshold_sweep.png,410946,be528d1d8f90a7402ed95284afc2dd5289d866cdea5b85709ad456f0180ab0eb
figures/notebook08_b050_seed17_threshold_sweep.svg,22082,a04e1fd20d92b78621c9a909d5ce25fb3bd6e5ab309affe3502f5f934e20398e
figures/notebook08_final_temperature_calibration.pdf,17502,e474276ee0832a60421d37a1d86e08cca716a70359a2f44854d20d8a511ed864
figures/notebook08_final_temperature_calibration.png,385649,24bd6924e977e6b02531f723f132e82e9d6380e27a1a04f1cb396536627271b6
figures/notebook08_final_temperature_calibration.svg,51938,d504d732a288e20035996d858cab2e5377f51b4910f65c7aa8f6f7f4861fd552
figures/notebook08_final_threshold_sweep.pdf,24604,ed3607e66678b77f4ef72a5ee1fc55d3b300ffdb8f0071c8b767cbd519f728bf
figures/notebook08_final_threshold_sweep.png,1504473,60140ce880af50525617fd4f529638d9d24716d7abf8e7b142d841ee358141d0
figures/notebook08_final_threshold_sweep.svg,164772,759d9a07a0555b5dada1a8a46e4cf4209e30334a80cffd57342e5b7be9794757
figures/notebook09_corrected/main02_cross_method_atlas.pdf,285484,a3533f5fa4c86c7597fc07925eb5770d7d9ccf2e459af7594027b307aa1bafa1
figures/notebook09_corrected/main02_cross_method_atlas.png,2580884,1359cd815a5f80549d1b580ddec1f6a26c53ecdc0ab56472e7129afcc15f01e6
figures/notebook09_corrected/main02_cross_method_atlas.svg,590548,af0126f30bc5c6699781de74d9f18a394c968db51801aad9ae6b6a95f3d8de8a
figures/notebook09_corrected/main05_failure_taxonomy.pdf,763267,60d7fe3df76d5c71b8b6507590053b52dd89b36b3dc3f080f3d544550da4d51e
figures/notebook09_corrected/main05_failure_taxonomy.png,4793431,59edd30b3e250128f43013177a87b3d2acb5b9b401ccb8938e0ea561d06859d0
figures/notebook09_corrected/main05_failure_taxonomy.svg,1298469,35768cb0014c5a0b5f5120eee92b3916c0d7e0e2c60a198705d825ed8f0d356f
figures/notebook09_corrected/main07_high_dice_agreement_filtered_atlas.pdf,1384330,2760658a982f66988d6b244a9286f6978f42743f766aa6f09c1349f4764a5daf
figures/notebook09_corrected/main07_high_dice_agreement_filtered_atlas.png,8601053,d7488036b68a9b2b770d8def50a4e56618eb8c252cdf29b9bf21662b699dd4a8
figures/notebook09_corrected/main07_high_dice_agreement_filtered_atlas.svg,2383448,38c8c3db3937adc8b772c5f0639a6c8616b9d4322d901d621891e5dd1118d33a
figures/notebook09_corrected/publicationFigures/01_comparative_segmentation_morphology.pdf,333310,f1e1c146aca5ece90c214b5dd75c3f24f8d7802ecb88efa2f080420b0c5d8b56
figures/notebook09_corrected/publicationFigures/01_comparative_segmentation_morphology.png,2337998,5a9868ae0b890397c626c9464a548399304e34c6869a60cc79932e57b283c38b
figures/notebook09_corrected/publicationFigures/01_comparative_segmentation_morphology.svg,676788,b601983b7120e69ce8808a105a26a740c6db34bc802f875f8c1a87213801c7ce
figures/notebook09_corrected/publicationFigures/02_external_target_error_phenotypes.pdf,748904,6903a806067ba8ae8acc404bef0b98fe724b5a2573ca1c53d75436e9747a635a
figures/notebook09_corrected/publicationFigures/02_external_target_error_phenotypes.png,3441923,00fc06937123b87518a6f3e4b0b1e776a7c74413722b059fd21f796c1cbeca91
figures/notebook09_corrected/publicationFigures/02_external_target_error_phenotypes.svg,1206345,9f2307530641e712d3f764227aad47d9a0a514fb1910bc03c2cd26dd02ccb8b9
figures/notebook09_corrected/publicationFigures/03_morphologically_concordant_segmentations.pdf,619746,a7152392e138307826a1238a4b6db12c573b1413c5e623ce34ef08ee3c81d00a
figures/notebook09_corrected/publicationFigures/03_morphologically_concordant_segmentations.png,3361253,853f2cad4ec470cf0843e0fc583dc8485e4dbfc329a8b93f68ef2694ca293fff
figures/notebook09_corrected/publicationFigures/03_morphologically_concordant_segmentations.svg,1054555,d6809dd338b6b604ae99b5fcf91e5d0957b5316fac39442c56e82e7e8cb3f2b6
figures/notebook09_corrected/publicationFigures/04_consistent_lesion_delineation.pdf,326992,4e1bd4439146381b355530cb398546dc8841080dd9364df2197d0dbd17e7b99f
figures/notebook09_corrected/publicationFigures/04_consistent_lesion_delineation.png,2293253,18dea3c7224c9e96f2c4e5b8db6cd0fe12b1e4b9c550f0cb80bd412e64e1eb60
figures/notebook09_corrected/publicationFigures/04_consistent_lesion_delineation.svg,644711,eaaefee61bef737d7c94aa5d688481f9321119861c43ed1315172326f921c51b
figures/notebook09_corrected/publicationFigures/05_improved_delineation_patterns.pdf,418893,048504374258708a3636feec7d24e165ee23feb57a2b72573254e8e7a5235f03
figures/notebook09_corrected/publicationFigures/05_improved_delineation_patterns.png,2356390,89970efa44c0d6b95c4898ad9771ab6ca22e85e7e46cb5cea0b70313a91e28cd
figures/notebook09_corrected/publicationFigures/05_improved_delineation_patterns.svg,801460,72877003b28694f323b932bbf27fee8603c62e453f2ddd6a38c0b8f3cd38b866
figures/notebook09_corrected/publicationFigures/06_cross_seed_segmentation_stability.pdf,324526,5b0879635ea433edc64186f7937187521ae68048382241a68f4df43fb36d3520
figures/notebook09_corrected/publicationFigures/06_cross_seed_segmentation_stability.png,2239886,edc4a45183aeff2ce3e9d64c59ce63ac6ceed54ed02a1b9f8ae1698b93b91240
figures/notebook09_corrected/publicationFigures/06_cross_seed_segmentation_stability.svg,668966,5742c717e5b179def3e16eec097c59234fd6fad1512e723408d265369b811fab
figures/notebook09_corrected/publicationFigures/README.md,421,f2fd1106c3a4a7d674b94125c3468bce0a558a52039b0be442186d109a5af712
figures/notebook09_corrected/publicationFigures/README_publicationFigures.md,544,2b363d1e7fcc665df7401547e75d8d76e399b7091ff0dea29d4e939f1165f31a
figures/notebook09_corrected/publicationFigures/pub_main02_cross_method_atlas.pdf,353067,b2a423b2b5f18b22ed6d0403b513bbb44fff9ad88ab1a7334f09abccc063dea4
figures/notebook09_corrected/publicationFigures/pub_main02_cross_method_atlas.png,2489045,ffbf8d95314def32ed29ec3b54ed405b6ed5b133833a9354bb229a6acb510ba2
figures/notebook09_corrected/publicationFigures/pub_main02_cross_method_atlas.svg,690380,31a50c2481881b07866124b80138c231b466f8536c2da01fef3bb56eb22ae594
figures/notebook09_corrected/publicationFigures/pub_main05_failure_taxonomy.pdf,663015,6e6aa7e2c2458df5b271dc78e9cb7302050b32aa5fd7f5a15911d6de17dcb1ab
figures/notebook09_corrected/publicationFigures/pub_main05_failure_taxonomy.png,3336646,97c529dacc4a78de210c5c6f74ecd140b4b7d6d237f167d666052bd9dc82bc97
figures/notebook09_corrected/publicationFigures/pub_main05_failure_taxonomy.svg,1135422,46c9203302e568000a71aa0b2f4040eca574082aaba7d49f1657ee1d7394d615
figures/notebook09_corrected/publicationFigures/pub_main07_high_dice_agreement_filtered_atlas.pdf,589233,073fc00ed83a8ecc5daccfead78e8c200dfe08bbcd4416d57cada4c10724d3e3
figures/notebook09_corrected/publicationFigures/pub_main07_high_dice_agreement_filtered_atlas.png,3485274,35060eb5d62110f0b5a276c593f5f73e8138bde71239a615a380e148f3d0edf7
figures/notebook09_corrected/publicationFigures/pub_main07_high_dice_agreement_filtered_atlas.svg,1036911,9a1e63c838973238aeb7e6c75efef25f935029bc94927628bf3258936bcfc106
figures/notebook09_corrected/publicationFigures/pub_supp07_consensus_high_dice_atlas.pdf,506943,ef6ba4bf3939baff022927d5d6183c416ae90bc48b0adfd6e09839e5bf7fd706
figures/notebook09_corrected/publicationFigures/pub_supp07_consensus_high_dice_atlas.png,3345644,423326755978e5431f8fee16185e1b4ed40372aaed8b3e82e99178f9fc59e87d
figures/notebook09_corrected/publicationFigures/pub_supp07_consensus_high_dice_atlas.svg,926879,96aff173ca848348fd6f00442e39ec6a916af3bdae6da3ac01efc49a74cab686
figures/notebook09_corrected/publicationFigures/publication_figure_integrity_manifest.json,5623,9538414e3e816190d2724d28c584af22c6db5208005840046167a00f4b2403eb
figures/notebook09_corrected/supp07_consensus_high_dice_atlas.pdf,1085954,10d66d80c8184f9b66a5b0afb1553d88f4651c783bf14b0ae77b7b1f7bcb52c2
figures/notebook09_corrected/supp07_consensus_high_dice_atlas.png,7639206,4748c43543cbeac491358a1db33b6695734629054f169c73e069047570dc8fe4
figures/notebook09_corrected/supp07_consensus_high_dice_atlas.svg,1959171,829b05b69cdcf48cb1032e12c8e03194e439d1a74b080a32b0b94838f50f2c9c
figures/notebook10_corrected/external_coverage_vs_extent_mae.pdf,23738,7faaea4ab6b765ea2104f8c5f2c1caddb96902d4373b398f502ca5b9b8caf570
figures/notebook10_corrected/external_coverage_vs_extent_mae.png,644827,ca4c6415d203f216a46e126edec13bb4bc6987a452de958bdf0f62cd8f90ee4b
figures/notebook10_corrected/external_coverage_vs_extent_mae.svg,61469,435e1898fb80dfc33f7dc6d88196886b2e410b1b51b0c07134935df283afead1
figures/notebook10_corrected/external_coverage_vs_segmentation_error.pdf,23895,3aa462447fa1eea017c88a84de35dfebc1d3d3e81ea7d21086e0a2b3642427ff
figures/notebook10_corrected/external_coverage_vs_segmentation_error.png,683335,74b88e0ac4afa361744a4a88ec8f7c2a4a321e4c3e7cbe6648f1e36adadea46d
figures/notebook10_corrected/external_coverage_vs_segmentation_error.svg,64526,413e7c2004101fca7f068f7d88ea764de8d9271cad5a448ed43b74b624adff34
figures/notebook10_corrected/publication/source_p80_external_coverage.pdf,21348,f151f17ea74fe6a66febc9c9457abaa1d08c905bbb20f50384ad4f0c233413d6
figures/notebook10_corrected/publication/source_p80_external_coverage.png,329095,5aa06f9581ddf10d982677182ba59901efec4fe6fd94f9e80ca3bd3b23a01139
figures/notebook10_corrected/publication/source_p80_external_coverage.svg,49063,46cf9c72719262716c933713508bc3bf6810194f0a9ea4bedc2cbe37edac6526
figures/notebook10_corrected/publication/source_p80_retained_dice.pdf,19873,127f7c69117b017d17700b2cdb38458f095b6c488b92b0b51b47a3e02627b044
figures/notebook10_corrected/publication/source_p80_retained_dice.png,360603,bb74ea9d8095ecb910f8870f17694c83d1a0f783b78247964eb7f23d72e2bf45
figures/notebook10_corrected/publication/source_p80_retained_dice.svg,53830,7e24e9e0ad87f61129258c3c82d466333cd73643b2db424157b36ac9f4eaed36
figures/notebook12_matched_coverage/matched_coverage_dice.pdf,24219,6467820da6261e17235f512ee5ab740cdef9c7526ebc9ff8231891911c63144d
figures/notebook12_matched_coverage/matched_coverage_dice.png,517822,d7aff0caa958d8d3d52fb07eceb0e08416f0f6ad772287776195253a5c12559a
figures/notebook12_matched_coverage/matched_coverage_dice.svg,61634,1caa5fd97c30de76964968c5788aa70f4f8f17b31f7ceecfb709ada7e50a4e88
figures/notebook12_matched_coverage/matched_coverage_extent_mae.pdf,24258,7e8404c3bfb97590bb10a8f40eeeb6e671ba3e52119551d1e66f61bccd5ab463
figures/notebook12_matched_coverage/matched_coverage_extent_mae.png,749933,e745bf57dc7e389cc47694e4472b44a7812e1413268c1017d616719e360584b9
figures/notebook12_matched_coverage/matched_coverage_extent_mae.svg,60808,f6f8eded70fa525a205bb1940fd66cb6878410b6ad0527382444dc88dcfe92d9
figures/notebook12_matched_coverage/matched_coverage_risk_reduction.pdf,25099,0b777a05e2a9b0357a65b573e182cc145d90f9c00d5f5694a45f644c9c0aa1e8
figures/notebook12_matched_coverage/matched_coverage_risk_reduction.png,705418,8162a5983822358a83469c06b10f1e675012f853a23ea0ab2c7840737030dfd3
figures/notebook12_matched_coverage/matched_coverage_risk_reduction.svg,64983,6e994085e8ee6f86f3e39662f112b5e6fc7e6cfde4d2a796a6ecdc249220d60a
figures/notebook12_matched_coverage/matched_coverage_segmentation_risk.pdf,24875,54ea6cc85eab1a964bfbef866567dd1189a6141e7becffe3b254252ad4dfb589
figures/notebook12_matched_coverage/matched_coverage_segmentation_risk.png,749467,d0819c52e1fb7d7d388baf83fd508c894306e27861fdc9b2d3ff673d92b4abc2
figures/notebook12_matched_coverage/matched_coverage_segmentation_risk.svg,65197,305eed1a65660df3f91f9c013d9ddb0eddf08cd40d051cf686a417481a7dfdd4
figures/notebook12_robustness/synthetic_stress_dice_drop.pdf,21196,6bb87afbd71d41e3bafb1764b256bacb8e48945e736ace0e78a438238f28d062
figures/notebook12_robustness/synthetic_stress_dice_drop.png,367373,ad4d4c84dca3930342617fb39810139e52d052fe0f2fea62c6762be427ec3dd0
figures/notebook12_robustness/synthetic_stress_dice_drop.svg,55319,4e155b2b14afe4c6bf20c41fab55df37b83573321e28b86efe05f69fc15c9530
figures/notebook12_robustness/synthetic_stress_extent_error.pdf,21547,34a9dcc0a1637866eb4d7fee6ed5ba5ed2808ae2584b0f3b1979179fa6530cdc
figures/notebook12_robustness/synthetic_stress_extent_error.png,353222,7be923031383f90cc2ad8c2db4f4e630fa5ca57d6bbcfd154842b7bd504bfa6b
figures/notebook12_robustness/synthetic_stress_extent_error.svg,51399,f8ff0ac630da9f52a9b2d6cd18156edec032be17d17c6a4e80cb0720af724adf
figures/preprocessing_smoke_gallery.pdf,4235546,590b44c88ab866651bdcbd4d6b93955eae9bfbe474d9115eda226990e40cebb1
figures/preprocessing_smoke_gallery.png,3662776,f74ef0eb573a8a47a6210001473034fc5fb56016fcedbba34ebdcf1e936405cf
figures/source_intensity_distribution_publication.pdf,37254,c52188f34f92ae95daa28a11df6711f5bb7c82e00524a73b4f6a749d1b5b1f86
figures/source_intensity_distribution_publication.png,1141549,c05cc5f2269dcf5d65efe791b52fd1ec968285bf40f8faa5c88d0fb6f666cafe
figures/source_intensity_histograms.png,96183,3ee82918363379cb5fe337bf814918a50af18bd33b776e214c02dbfc8ed0523a
figures/source_preprocessing_qc_gallery.png,3957360,e9ac29924ae9b2c1a2ed8c65671d702505904e15ba9961c7819c511371e13843
figures/source_preprocessing_qc_publication6.pdf,1842522,15becf32e8750854436908515fd534dd011648c90f27d13893619ac14e61048a
figures/source_preprocessing_qc_publication6.png,2575095,d3b29cdf675032d171bd3e98c8c90c315d7a375671c5367a0452b3ed5966271e
