method,coverage_percent,retained_cases_per_seed,seeds,mean_retained_mean_dice,sd_retained_mean_dice,mean_retained_mean_segmentation_risk,sd_retained_mean_segmentation_risk,mean_retained_extent_mae_pixels,sd_retained_extent_mae_pixels,mean_retained_image_fraction_mae_pp,sd_retained_image_fraction_mae_pp,mean_dice_gain_vs_full,sd_dice_gain_vs_full,mean_risk_reduction_vs_full,sd_risk_reduction_vs_full,mean_extent_mae_reduction_vs_full,sd_extent_mae_reduction_vs_full,mean_image_fraction_mae_reduction_vs_full,sd_image_fraction_mae_reduction_vs_full
agreement_filtered_ema,5,5,3,0.6610755717092037,0.10266073528051882,0.3389244282907962,0.10266073528051878,879.4,415.77364033810517,0.3354644775390625,0.15860505689167217,-0.015086740109215993,0.09702736903031989,-0.015086740109216068,0.09702736903031987,5570.93,257.64098354105056,2.125141143798828,0.0982822355426982
agreement_filtered_ema,10,10,3,0.6236806016247757,0.07785535686120686,0.37631939837522427,0.07785535686120686,1151.9666666666667,307.1986382348289,0.43944040934244794,0.11718698052781257,-0.05248171019364408,0.05394906187672655,-0.05248171019364417,0.05394906187672654,5298.363333333333,477.3223122098243,2.021165211995443,0.18208401192086207
agreement_filtered_ema,20,20,3,0.672706879286443,0.04009885647742567,0.32729312071355704,0.04009885647742567,2292.0833333333335,906.2190440690007,0.8743604024251302,0.3456951309467318,-0.0034554325319768133,0.020335642867671432,-0.003455432531976906,0.020335642867671436,4158.246666666667,696.1822658135824,1.5862452189127605,0.26557245857756895
agreement_filtered_ema,40,40,3,0.6939319964227372,0.043857737231000234,0.3060680035772628,0.0438577372310002,4197.650000000001,1350.0093404769464,1.6012763977050781,0.5149876939685617,0.017769684604317344,0.018600217746929024,0.01776968460431731,0.018600217746928962,2252.68,1111.7831282561363,0.8593292236328125,0.4241116059326691
agreement_filtered_ema,60,60,3,0.6979578032588698,0.02948228716866028,0.3020421967411302,0.029482287168660293,4911.633333333333,811.1935118152207,1.873639424641927,0.3094457671414264,0.021795491440450048,0.004015056923193632,0.021795491440449916,0.004015056923193634,1538.6966666666667,754.7286121587753,0.5869661966959636,0.2879061173091031
agreement_filtered_ema,80,80,3,0.6873728124470629,0.03821465585222498,0.31262718755293706,0.03821465585222491,5178.504166666667,846.0602588554693,1.9754425684611003,0.3227463756009938,0.01121050062864315,0.012715833773225818,0.011210500628643094,0.012715833773225726,1271.8258333333333,980.7625702811991,0.48516305287679035,0.37413122950790356
agreement_filtered_ema,100,100,3,0.6761623118184197,0.02552184113234348,0.32383768818158015,0.025521841132343587,6450.329999999999,672.7218060981817,2.4606056213378906,0.2566230034249046,0.0,0.0,-1.850371707708594e-17,8.479468414379335e-17,0.0,0.0,0.0,0.0
confidence_only_ema,5,5,3,0.694947040572308,0.0558310769649942,0.305052959427692,0.05583107696499415,922.8666666666667,366.17729767604834,0.3520456949869792,0.13968555361787732,0.023699610008385014,0.029579409901853485,0.02369961000838507,0.029579409901853492,5625.333333333333,339.55183850677844,2.1458943684895835,0.12952874698897493
confidence_only_ema,10,10,3,0.6886214326762033,0.021928802223603442,0.3113785673237966,0.021928802223603484,1127.9666666666667,294.46895139103094,0.43028513590494794,0.11233099036828266,0.01737400211228039,0.01126262732409982,0.01737400211228048,0.011262627324099845,5420.233333333334,570.1410641528406,2.0676549275716147,0.2174915558444368
confidence_only_ema,20,20,3,0.686472431081255,0.03289796203461892,0.3135275689187451,0.032897962034619005,2516.9333333333334,1109.238410276769,0.9601338704427084,0.42314087306090115,0.015225000517331925,0.030734775666944783,0.015225000517331925,0.030734775666944755,4031.2666666666664,806.7093020619841,1.5378061930338542,0.3077351768730103
confidence_only_ema,40,40,3,0.7059686600995384,0.03189599577111411,0.29403133990046165,0.03189599577111416,4034.883333333333,1281.6144604397741,1.5391858418782551,0.4888971177825066,0.03472122953561533,0.014910630363592362,0.034721229535615426,0.014910630363592262,2513.316666666667,1108.9757855374182,0.9587542215983073,0.4230406896733925
confidence_only_ema,60,60,3,0.6970753692882519,0.02979037937720533,0.30292463071174813,0.02979037937720535,5037.677777777778,948.4397585762358,1.9217215643988717,0.36180105536508017,0.02582793872432887,0.0035209542650776085,0.025827938724328908,0.0035209542650774988,1510.522222222222,813.6860239151312,0.576218499077691,0.31039658505063283
confidence_only_ema,80,80,3,0.6870175719749955,0.037399057728261104,0.3129824280250045,0.03739905772826111,5584.941666666667,1084.1194860586556,2.130486170450846,0.41355876390787333,0.015770141411072507,0.009463049883236345,0.015770141411072563,0.00946304988323615,963.2583333333336,795.827760182493,0.3674538930257161,0.3035841980676624
confidence_only_ema,100,100,3,0.6712474305639229,0.031175774083705178,0.32875256943607706,0.031175774083705223,6548.2,688.2671179854522,2.4979400634765625,0.26255306929987027,-1.1102230246251565e-16,1.9229626863835638e-16,0.0,5.551115123125783e-17,0.0,0.0,0.0,0.0
supervised,5,5,3,0.6929398155998457,0.09772563823834828,0.3070601844001543,0.09772563823834828,458.8,216.00027777759917,0.175018310546875,0.08239756690124479,0.04726670818272379,0.11514390469796278,0.04726670818272379,0.11514390469796283,6578.253333333334,1856.5095264321524,2.509404500325521,0.7082021814087495
supervised,10,10,3,0.6782217882490146,0.020996001501252592,0.3217782117509853,0.020996001501252547,969.7333333333332,88.05738659154801,0.3699239095052083,0.033591227184886156,0.03254868083189277,0.06348108383971707,0.03254868083189277,0.06348108383971715,6067.320000000001,1906.6144467091403,2.3144989013671875,0.7273156916462479
supervised,20,20,3,0.6997576406405877,0.024036071071411612,0.30024235935941235,0.02403607107141164,1440.3833333333332,626.6475431479273,0.549462636311849,0.2390470669357022,0.05408453322346577,0.04497343724571706,0.05408453322346577,0.04497343724571705,5596.670000000001,1907.6351130129688,2.134960174560547,0.7277050449420808
supervised,40,40,3,0.665427460820758,0.042310210372401263,0.33457253917924196,0.04231021037240126,5555.008333333334,1786.137926913354,2.1190675099690757,0.6813575465825478,0.019754353403636182,0.028322757275563114,0.019754353403636144,0.028322757275563125,1482.045,2287.4434219287264,0.5653553009033203,0.8725904166903404
supervised,60,60,3,0.6608736136165095,0.038257530620205725,0.3391263863834904,0.03825753062020569,5786.127777777777,1249.145934265726,2.207232581244575,0.4765113579810051,0.015200506199387656,0.02044282703065805,0.015200506199387639,0.02044282703065812,1250.9255555555558,1745.9568933979174,0.4771902296278212,0.6660296987144153
supervised,80,80,3,0.6561204604557467,0.04484172226768786,0.34387953954425327,0.04484172226768792,5967.195833333334,1451.51188702576,2.276304562886556,0.5537078426459352,0.010447353038624874,0.014180638387672768,0.010447353038624818,0.0141806383876727,1069.8575000000003,908.650647935581,0.40811824798583984,0.3466227142088243
supervised,100,100,3,0.6456731074171219,0.05170058928320132,0.35432689258287803,0.05170058928320123,7037.053333333333,1894.7926096893389,2.684422810872396,0.7228060187108377,7.401486830834377e-17,2.3111135221866398e-16,7.401486830834377e-17,3.204937810639273e-17,0.0,0.0,0.0,0.0
