method,threshold,raw_logit_boundary,macro_case_dice,macro_case_iou,macro_case_sensitivity,macro_case_specificity,selected
supervised,0.3,-0.8472978603872036,0.7576196246365794,0.6134939444446287,0.6764883049626589,0.998371005843184,True
supervised,0.4,-0.4054651081081643,0.751821657617224,0.6060228501446836,0.6625770851920672,0.9985349170084877,False
supervised,0.5,0.0,0.745983085732747,0.5985856109078789,0.6496315204969724,0.9986735550181052,False
supervised,0.6,0.4054651081081642,0.7392048260755835,0.5900762402015345,0.6360683482261866,0.998798190484707,False
supervised,0.7,0.8472978603872034,0.7310681855334041,0.5799815921627129,0.6211129946400105,0.9989197280578845,False
confidence_only_ema,0.3,-0.8472978603872036,0.7550570883822758,0.6105109590437957,0.7497229519808224,0.9963994160313548,True
confidence_only_ema,0.4,-0.4054651081081643,0.7537491134236667,0.6088174255645288,0.7357064561433359,0.9967242762281059,False
confidence_only_ema,0.5,0.0,0.7513878612225804,0.6058365399088972,0.722378681395412,0.9969945976666441,False
confidence_only_ema,0.6,0.4054651081081642,0.748220405009552,0.6018651005113498,0.7088456745938757,0.9972436839266554,False
confidence_only_ema,0.7,0.8472978603872034,0.7443120419518932,0.5969444984983674,0.694410012382424,0.9974911471772171,False
agreement_filtered_ema,0.3,-0.8472978603872036,0.7551000177274,0.6105606978629715,0.7496738926930753,0.9964024068682947,True
agreement_filtered_ema,0.4,-0.4054651081081643,0.7537858953516259,0.6088590813271276,0.7356110045253326,0.9967274151333545,False
agreement_filtered_ema,0.5,0.0,0.7514366840536726,0.6058930383027299,0.7223202397336839,0.9969975795454321,False
agreement_filtered_ema,0.6,0.4054651081081642,0.7482894519802179,0.6019409480527911,0.7088019115966523,0.9972463400724328,False
agreement_filtered_ema,0.7,0.8472978603872034,0.7443472631795002,0.5969838627072077,0.6943406998774696,0.9974936016023115,False
