seed,method,source_percentile,source_uncertainty_gate,target_cases,retained_cases,rejected_cases,external_coverage,positive_reference_cases,positive_reference_retained,positive_reference_coverage,empty_reference_cases,empty_reference_retained,empty_reference_coverage,retained_mean_dice,retained_mean_segmentation_error,retained_extent_mae_pixels,retained_extent_bias_pixels,retained_image_fraction_mae_pp,retained_image_fraction_bias_pp
17,agreement_filtered_ema,80,0.3623300343751908,100,5,95,0.05,99,4,0.04040404040404041,1,1,1.0,0.7378391874325503,0.2621608125674498,545.8,-347.4,0.2082061767578125,-0.1325225830078125
17,confidence_only_ema,80,0.3622264176607133,100,5,95,0.05,99,4,0.04040404040404041,1,1,1.0,0.7379725657292947,0.2620274342707054,545.4,-347.0,0.2080535888671875,-0.1323699951171875
17,supervised,80,0.3670630306005479,100,4,96,0.04,99,3,0.030303030303030304,1,1,1.0,0.7937547775526221,0.20624522244737786,214.75,-25.75,0.08192062377929688,-0.009822845458984375
42,agreement_filtered_ema,80,0.4145253539085389,100,2,98,0.02,99,2,0.020202020202020204,1,0,0.0,0.6903316401004262,0.30966835989957375,654.5,654.5,0.24967193603515625,0.24967193603515625
42,confidence_only_ema,80,0.3972122430801392,100,2,98,0.02,99,2,0.020202020202020204,1,0,0.0,0.794949758711252,0.20505024128874805,109.0,41.0,0.0415802001953125,0.0156402587890625
42,supervised,80,0.3722557842731476,100,3,97,0.03,99,2,0.020202020202020204,1,1,1.0,0.5362037630490707,0.46379623695092925,132.33333333333334,-68.33333333333333,0.050481160481770836,-0.026067097981770832
2026,agreement_filtered_ema,80,0.4302663683891297,100,5,95,0.05,99,4,0.04040404040404041,1,1,1.0,0.5444650156526019,0.4555349843473982,747.2,78.4,0.2850341796875,0.0299072265625
2026,confidence_only_ema,80,0.4483832478523255,100,4,96,0.04,99,4,0.04040404040404041,1,0,0.0,0.6859551401458956,0.31404485985410446,916.5,100.0,0.34961700439453125,0.03814697265625
2026,supervised,80,0.4250306069850922,100,8,92,0.08,99,7,0.0707070707070707,1,1,1.0,0.694106775851948,0.305893224148052,1005.75,-952.5,0.3836631774902344,-0.36334991455078125
