seed,method,condition,mean_dice_drop,dice_drop_ci_low,dice_drop_ci_high,mean_extent_mae_change,extent_change_ci_low,extent_change_ci_high
17,supervised,gaussian_noise_sigma_0p03,-0.01055508355255526,-0.0317269268432231,0.004171768119555436,-958.67,-2961.9825,170.20374999999996
17,supervised,gaussian_blur_sigma_1p0,0.01208026008697507,-0.0033326319054156027,0.036406325048528816,-82.66,-654.583,472.68349999999975
17,supervised,resolution_half,0.013071529102746456,-0.0022343200614569603,0.038056248248539225,-58.82,-669.9327499999999,551.3967499999991
17,confidence_only_ema,gaussian_noise_sigma_0p03,-0.00879899144870246,-0.028447728134354526,0.0041399513704414356,-1174.4,-3867.3495000000003,272.95949999999954
17,confidence_only_ema,gaussian_blur_sigma_1p0,0.01089980899257628,-0.0031124382386676893,0.03430776759172178,403.72,-62.70425,830.4217499999999
17,confidence_only_ema,resolution_half,0.012146432268383633,-0.002243389184511452,0.035333645037460774,515.02,51.1875,956.1529999999999
17,agreement_filtered_ema,gaussian_noise_sigma_0p03,-0.008845183538390923,-0.027104337317816182,0.004156628092416599,-1177.64,-3876.999,278.12174999999974
17,agreement_filtered_ema,gaussian_blur_sigma_1p0,0.01091096810355684,-0.0031234742721139436,0.0350367884172716,405.64,-44.51874999999999,827.7294999999999
17,agreement_filtered_ema,resolution_half,0.012142324620129008,-0.002387165513113135,0.03674494334375762,517.51,45.32975000000001,949.6117499999999
42,supervised,gaussian_noise_sigma_0p03,0.0027820539948539454,-0.01492802499530332,0.019913149680266688,-950.39,-3277.2084999999997,659.8799999999998
42,supervised,gaussian_blur_sigma_1p0,0.012871055602003259,0.0009968434267774882,0.026806356443719898,226.04,-508.54,1031.7727499999999
42,supervised,resolution_half,0.014083534521962107,0.0011566821626481018,0.028252196301513335,265.94,-486.36125,1068.0859999999998
42,confidence_only_ema,gaussian_noise_sigma_0p03,-0.008301300976009283,-0.02240888130494455,0.0031191481467497746,-1189.8,-3524.233,189.95749999999973
42,confidence_only_ema,gaussian_blur_sigma_1p0,0.006469434503135628,-0.002293210572905963,0.014570341061298233,-167.15,-693.1827499999999,316.8135
42,confidence_only_ema,resolution_half,0.0069839981567249385,-0.0027443637085418295,0.01621739094912147,-173.58,-682.56175,338.1377499999998
42,agreement_filtered_ema,gaussian_noise_sigma_0p03,0.003666070776770365,-0.004703804835907747,0.010132577666166303,-93.51,-381.7615,170.32724999999996
42,agreement_filtered_ema,gaussian_blur_sigma_1p0,0.007371969058628628,0.00026337394511875833,0.014056433493362771,-187.42,-744.7245,292.2102499999999
42,agreement_filtered_ema,resolution_half,0.008427204921813558,0.001854179198390089,0.01493876416130598,-184.29,-719.209,315.23299999999983
2026,supervised,gaussian_noise_sigma_0p03,0.008639334003333655,-0.006018619081614336,0.03290104638196007,-177.21,-424.49525,53.263249999999545
2026,supervised,gaussian_blur_sigma_1p0,0.02109236776895099,0.00364834713946408,0.04626952507287388,179.24,-141.76425,510.09224999999964
2026,supervised,resolution_half,0.022590774425665622,0.004513296748115077,0.0478464968699614,212.87,-138.464,556.3347499999998
2026,confidence_only_ema,gaussian_noise_sigma_0p03,0.011802803563563249,0.00741051176494264,0.016590209223074408,770.08,552.1145,1003.8154999999998
2026,confidence_only_ema,gaussian_blur_sigma_1p0,0.02081033622860284,0.012999145434060121,0.028835755746445445,945.24,403.942,1492.0462499999996
2026,confidence_only_ema,resolution_half,0.022486905536268607,0.013789618904454225,0.03064875658186144,1152.32,552.5965,1712.9644999999998
2026,agreement_filtered_ema,gaussian_noise_sigma_0p03,0.012220083151237666,0.008103907198505752,0.01719358141379345,775.8,551.6095,1005.5509999999999
2026,agreement_filtered_ema,gaussian_blur_sigma_1p0,0.0182427422572091,0.010670036196834038,0.025639920599456016,832.66,289.54425,1326.243
2026,agreement_filtered_ema,resolution_half,0.01986564043945041,0.011809771332749248,0.027300586684810994,1006.59,451.15875,1565.0707499999999
