signature_id,target_opacity_detected,lesion_extent_eligible,exposed_lesion_pixels,records_represented,validation_passed,validation_errors,raw_output_sha256
detected_0__eligible_1__pixels_0,False,True,0.0,4,False,empty_prediction_wording | research_diagnosis_limitation_missing,d351aefecc1f8a27ac91da57998a2f138369c1ffd5a86baf26308ee90f560504
detected_1__eligible_0__pixels_NA,True,False,,862,False,research_diagnosis_limitation_missing,d876e4c6af02344d8ad832a161f3092892cc7e34e0e3141fcb33ab31a56403d1
detected_1__eligible_1__pixels_46,True,True,46.0,1,False,numeric_copy_or_extra_number | research_diagnosis_limitation_missing,7bbdb358615ce71eec7f55235cd1a0f42ba793257f329f65d1bb889bc190a50a
detected_1__eligible_1__pixels_96,True,True,96.0,1,False,numeric_copy_or_extra_number | research_diagnosis_limitation_missing,b629511b5599525ac5991606f60e894be21df26c9bb686f07aa013b01456d60a
detected_1__eligible_1__pixels_666,True,True,666.0,1,False,research_diagnosis_limitation_missing,2582af6a0440bdf3f5d139326372caa442c6b12f3b4ba503d244765046f217c8
detected_1__eligible_1__pixels_691,True,True,691.0,1,False,research_diagnosis_limitation_missing,c2e620003f883b843849000cb08ab0dc0092b57d3c7eae8b72ee58cc10113390
detected_1__eligible_1__pixels_714,True,True,714.0,1,False,numeric_copy_or_extra_number | research_diagnosis_limitation_missing,8ca001b968c6ade17bc24306cd17efdef8a1bea0a0bf745b8980fbd1000cf625
detected_1__eligible_1__pixels_750,True,True,750.0,1,False,research_diagnosis_limitation_missing,e23ed810dbb4e838318b8e6752206817352d22470349dd40990f910326eb1932
detected_1__eligible_1__pixels_787,True,True,787.0,2,False,research_diagnosis_limitation_missing,ef9f7da62bc4660b11cdef1d8c53205ace7646ccfd68a6e1996fdf044ac01c97
detected_1__eligible_1__pixels_795,True,True,795.0,1,False,research_diagnosis_limitation_missing,8c60a9f80ceeac819b67a569f4ee4337eb2ab19c62862de51cc45bd765c40334
detected_1__eligible_1__pixels_806,True,True,806.0,1,False,research_diagnosis_limitation_missing,1844f68e2ecae7e6c9d9423aad5db5b0e723c440644c3f270c1038e9ab2fc339
detected_1__eligible_1__pixels_844,True,True,844.0,1,False,research_diagnosis_limitation_missing,6a4149b1a620fc4695c15311873aee238a35f1c9d4bd5a414f513ea9f16e4dfb
detected_1__eligible_1__pixels_847,True,True,847.0,1,False,research_diagnosis_limitation_missing,0a4d3264b2df7ff35072795c08a45095e82d91c43451349c7270365637f93879
detected_1__eligible_1__pixels_868,True,True,868.0,1,False,research_diagnosis_limitation_missing,a6577ec900ff2f0046280952e49734a1fed2591a3bf435b8e5fb3be17a4ed2ea
detected_1__eligible_1__pixels_968,True,True,968.0,1,False,research_diagnosis_limitation_missing,768c539d764784e6ab3967a38c6c3ff9ba3558f106e5da4e35df682d3fccd47d
detected_1__eligible_1__pixels_970,True,True,970.0,2,False,research_diagnosis_limitation_missing,5d902e5a33f2d64d5e44f3a6f4277adeba6f02a4ac627db503dedf7e2db42f7f
detected_1__eligible_1__pixels_1000,True,True,1000.0,1,False,research_diagnosis_limitation_missing,12bbb6426b98446cdf61ab76671d92d8735832d7068a069b3aab552ea0da89ab
detected_1__eligible_1__pixels_1081,True,True,1081.0,1,False,research_diagnosis_limitation_missing,f450cf9bd7148f11178558dc00ca8ea7a06f86174a05f72614dcb21db5f891b4
detected_1__eligible_1__pixels_1331,True,True,1331.0,1,False,research_diagnosis_limitation_missing,d7d16be7eea3cd580be32d2cdb6b4fbeee056c5099f4929f76465e22f7a35de1
detected_1__eligible_1__pixels_1333,True,True,1333.0,1,False,numeric_copy_or_extra_number | research_diagnosis_limitation_missing,4cd7776fc6ea95ca080b0b5c1e850b151b88f3bf3f0a5db9d3bb1fbaba399927
detected_1__eligible_1__pixels_1516,True,True,1516.0,1,False,research_diagnosis_limitation_missing,e3162ffc8560678d6cdf8bc6905ac75cd0e3528c0abf337b2be9744769aec89f
detected_1__eligible_1__pixels_1619,True,True,1619.0,1,False,research_diagnosis_limitation_missing,015f96fa4e15850b2beea8c9d2ab7753b8f705d5d37735b33692c3216e09e34d
detected_1__eligible_1__pixels_1657,True,True,1657.0,1,False,research_diagnosis_limitation_missing,3786c64555e314a60f45b99bc7afe21fda8ad7c3734c6fbeaa8e03a4a887fd7c
detected_1__eligible_1__pixels_1772,True,True,1772.0,1,False,research_diagnosis_limitation_missing,c660cc183131adbf7dfc6aa0dce03346fe317acacc3a0739aa779c9af3abe46e
detected_1__eligible_1__pixels_1839,True,True,1839.0,1,False,research_diagnosis_limitation_missing,62284d17d4411f702d514e76b07071228bad75e29bfd3b5ffa1d2015bd1cdca4
detected_1__eligible_1__pixels_2014,True,True,2014.0,1,False,research_diagnosis_limitation_missing,83dda23f61c6072fd092ea8b261aa94a26c02a7e7254a77d3b8b0b0a02c0c187
detected_1__eligible_1__pixels_2117,True,True,2117.0,1,False,research_diagnosis_limitation_missing,a2dc9ba1839331d6d34cf246d9d9e3c06d4444a227a229dad04ebc37bb5b2c33
detected_1__eligible_1__pixels_2120,True,True,2120.0,1,False,research_diagnosis_limitation_missing,0a302fe16661e968eb3db52457c958fe8b72edf672790e94434976ba4814981e
detected_1__eligible_1__pixels_2132,True,True,2132.0,2,False,research_diagnosis_limitation_missing,0af0d74bb7023cacd00a9fbe31da26c0303410c2b8922511d017e0e6d83561d4
detected_1__eligible_1__pixels_3720,True,True,3720.0,1,False,research_diagnosis_limitation_missing,f36c3ba082716354368a1a0198366101896ae43733e57af7e86fc53d3b177d68
detected_1__eligible_1__pixels_3758,True,True,3758.0,1,False,research_diagnosis_limitation_missing,cc6dadb46166ed7b51ce8f18114b3c52eee984902cdbe800912b7f5ca454f83f
detected_1__eligible_1__pixels_5537,True,True,5537.0,1,False,research_diagnosis_limitation_missing,45cb32e2fa56831749c69f5344af3a8032f7cfe386a5090c5dba8064e03caa05
detected_1__eligible_1__pixels_5549,True,True,5549.0,1,False,research_diagnosis_limitation_missing,718c0eac29f6a4c35342126c5e5c3504bf1282f2b51811d2ce01c330e0c6eb4b
