method,source_percentile,mean_external_coverage,sd_external_coverage,mean_segmentation_error,sd_segmentation_error,mean_extent_mae_pixels,sd_extent_mae_pixels,mean_image_fraction_mae_pp,sd_image_fraction_mae_pp
agreement_filtered_ema,50,0.023333333333333334,0.011547005383792514,0.30431449487630785,0.1858041992268488,236.33333333333334,208.32746658406168,0.09015401204427083,0.07947062171328036
agreement_filtered_ema,70,0.02666666666666667,0.015275252316519468,0.3402480811186221,0.14065658999555972,399.0833333333333,204.08520483693405,0.15223821004231772,0.07785232728459704
agreement_filtered_ema,80,0.04,0.017320508075688773,0.34245471893814056,0.10077004307903023,649.1666666666666,100.80586953810447,0.2476374308268229,0.038454387488595754
agreement_filtered_ema,90,0.06333333333333334,0.03785938897200182,0.3547922616932178,0.08469595873543058,843.9027777777778,189.18786744877383,0.32192336188422305,0.07216944406462625
agreement_filtered_ema,100,0.24666666666666667,0.030550504633038947,0.3163688030379667,0.054023251646281856,2646.867424242424,704.5282866615556,1.0096997925729463,0.2687562128683303
confidence_only_ema,50,0.023333333333333334,0.005773502691896256,0.1932428729186123,0.05661315304031159,131.0,74.47818472546173,0.0499725341796875,0.028411172762093248
confidence_only_ema,70,0.02666666666666667,0.011547005383792516,0.2291208848706164,0.020929051282910015,293.5833333333333,234.72168803358016,0.11199315388997395,0.08953921815245826
confidence_only_ema,80,0.036666666666666674,0.015275252316519466,0.260374178471186,0.05451611376561858,523.6333333333333,404.1898110211752,0.1997502644856771,0.15418617668959628
confidence_only_ema,90,0.056666666666666664,0.030550504633038933,0.35239558055875503,0.10223881161846922,669.7185185185185,393.45501967860065,0.25547734013310186,0.15009117877143888
confidence_only_ema,100,0.18333333333333335,0.09073771725877468,0.3132030570051227,0.053309866681558016,2026.2899159663866,917.9834288717932,0.7729682601800486,0.35018288760062904
supervised,50,0.02666666666666667,0.011547005383792516,0.17306344270105498,0.07841822031734369,227.58333333333334,213.3383951222408,0.08681615193684895,0.08138213925256378
supervised,70,0.03,0.017320508075688773,0.18192216441800838,0.09001135102076575,204.33333333333334,174.10796458902544,0.07794698079427083,0.06641691764412896
supervised,80,0.05000000000000001,0.026457513110645908,0.3253115611821197,0.12986891517152446,450.9444444444445,482.23959822124993,0.1720216539171007,0.1839598076710701
supervised,90,0.14333333333333334,0.10016652800877812,0.3606970404428962,0.09241884242678487,948.15,625.6534523999687,0.3616905212402344,0.2386678514099002
supervised,100,0.5566666666666666,0.08020806277010645,0.33774020678129174,0.03383360011734901,5615.248611111111,1361.1016981909497,2.1420473522610135,0.519219092632656
