method,case_id,case_uncertainty,lesion_plus_boundary_mean_uncertainty,top_1_percent_mean_uncertainty,predicted_lesion_pixels_four_view,four_view_case_dice,single_view_case_dice
supervised,coronacases_004,0.18430950944448596,0.18430950944448596,0.11633461608746555,45248,0.6552358922461569,0.6272959685349065
supervised,coronacases_006,0.1229307468870003,0.1229307468870003,0.11256032807243345,57989,0.845501043414215,0.833237018079749
supervised,radiopaedia_10_85902_3,0.22085461313899518,0.22085461313899518,0.1632405985418872,108319,0.6712323179888392,0.6517621213052295
supervised,radiopaedia_40_86625_0,0.5863822798802789,0.2067500856151637,0.5863822798802789,442551,0.8448678782700966,0.827437407502394
confidence_only_ema,coronacases_004,0.2080488311553328,0.2080488311553328,0.15601627151372122,78420,0.5670758871515479,0.5371545204603093
confidence_only_ema,coronacases_006,0.20007310340735013,0.20007310340735013,0.19010726205141698,96056,0.6713631428535772,0.6612397772915576
confidence_only_ema,radiopaedia_10_85902_3,0.23827057675664112,0.23827057675664112,0.19191041570936201,116093,0.7105298249534182,0.6879638863302452
confidence_only_ema,radiopaedia_40_86625_0,0.5484149898781419,0.15262710993439574,0.5484149898781419,529225,0.8428096412706785,0.8419670723971762
agreement_filtered_ema,coronacases_004,0.20804174370755715,0.20804174370755715,0.15602531856098603,78404,0.5672882383446181,0.5374794320190139
agreement_filtered_ema,coronacases_006,0.19994932016493847,0.19994932016493847,0.18991078206867198,95911,0.6719461393855743,0.661848525206875
agreement_filtered_ema,radiopaedia_10_85902_3,0.2382435118177631,0.2382435118177631,0.19179992990071448,116023,0.7105144575142665,0.6877667817882043
agreement_filtered_ema,radiopaedia_40_86625_0,0.5485371787800076,0.1527093202637747,0.5485371787800076,529092,0.8428573201813909,0.8419443421537166
