seed,method,coverage_range,normalized_selective_risk_auc,full_set_segmentation_risk,risk_auc_reduction_vs_full,normalized_selective_extent_mae_auc,full_set_extent_mae_pixels,extent_auc_reduction_vs_full,normalized_selective_image_fraction_mae_auc,full_set_image_fraction_mae_pp,image_fraction_auc_reduction_vs_full,row_type,normalized_selective_risk_auc_mean,normalized_selective_risk_auc_sd,risk_auc_reduction_vs_full_mean,risk_auc_reduction_vs_full_sd,normalized_selective_extent_mae_auc_mean,normalized_selective_extent_mae_auc_sd,extent_auc_reduction_vs_full_mean,extent_auc_reduction_vs_full_sd
17,agreement_filtered_ema,0.05_to_1.00,0.2736127962925067,0.29624176985713113,0.022628973564624455,3222.0259505945874,5930.85,2708.824049405413,1.2291053583505964,2.262439727783203,1.0333343694326067,per_seed,,,,,,,,
17,confidence_only_ema,0.05_to_1.00,0.27364110403613,0.2962728819379119,0.02263177790178189,3221.995424261072,5931.21,2709.214575738928,1.2290937134784974,2.2625770568847656,1.0334833434062682,per_seed,,,,,,,,
17,supervised,0.05_to_1.00,0.2941771495257095,0.31108408244670455,0.016906932920995044,3627.765975633911,5195.62,1567.854024366089,1.3838828947578095,1.9819717407226562,0.5980888459648468,per_seed,,,,,,,,
42,agreement_filtered_ema,0.05_to_1.00,0.345290568163951,0.34659183758616413,0.0013012694222131471,4417.211042350594,7210.23,2793.018957649406,1.6850322884943367,2.7504844665527344,1.0654521780583976,per_seed,,,,,,,,
42,confidence_only_ema,0.05_to_1.00,0.3295552090427419,0.35843604791444245,0.028880838871700565,4742.902014424796,7290.52,2547.6179855752043,1.8092735345553577,2.7811126708984375,0.9718391363430798,per_seed,,,,,,,,
42,supervised,0.05_to_1.00,0.34705541245198696,0.34030428748269964,-0.006751124969287314,6074.766298303611,6934.5,859.7337016963893,2.317339438744969,2.6453018188476562,0.3279623801026874,per_seed,,,,,,,,
2026,agreement_filtered_ema,0.05_to_1.00,0.3333732630515587,0.3286794571014452,-0.004693805950113483,4751.424773430361,6209.91,1458.485226569639,1.8125247091027683,2.3688926696777344,0.5563679605749661,per_seed,,,,,,,,
2026,confidence_only_ema,0.05_to_1.00,0.32286160399149927,0.33154877845587677,0.0086871744643775,5099.783466410972,6422.87,1323.0865335890276,1.9454130044597517,2.4501304626464844,0.5047174581867326,per_seed,,,,,,,,
2026,supervised,0.05_to_1.00,0.36513055271970585,0.4115923078192301,0.04646175509952427,4918.844904529324,8981.04,4062.195095470677,1.8763904207341475,3.425994873046875,1.5496044523127275,per_seed,,,,,,,,
mean_sd,agreement_filtered_ema,0.05_to_1.00,,,,,,,,,,three_seed_summary,0.31742554250267213,0.03840798208891919,0.006412145678908039,0.014360513994498298,4130.220588791847,804.0757614480452,2320.1094112081523,747.3749877464733
mean_sd,confidence_only_ema,0.05_to_1.00,,,,,,,,,,three_seed_summary,0.30868597235679035,0.030533722076661798,0.020066597079286652,0.010338333281432244,4354.89363503228,997.2135476764212,2193.30636496772,757.95137092145
mean_sd,supervised,0.05_to_1.00,,,,,,,,,,three_seed_summary,0.3354543715658007,0.03687186554047239,0.018872521017077332,0.0266608383913002,4873.792392822282,1224.1221104917347,2163.260940511052,1682.2074163130508
