seed,method,case_id,case_uncertainty_score
17,supervised,coronacases_004,0.18399542570114136
17,supervised,coronacases_006,0.1226639375090599
17,supervised,radiopaedia_10_85902_3,0.22047807276248932
17,supervised,radiopaedia_40_86625_0,0.5869404673576355
17,confidence_only_ema,coronacases_004,0.2077009677886963
17,confidence_only_ema,coronacases_006,0.19969378411769867
17,confidence_only_ema,radiopaedia_10_85902_3,0.23785297572612762
17,confidence_only_ema,radiopaedia_40_86625_0,0.5487865805625916
17,agreement_filtered_ema,coronacases_004,0.20767009258270264
17,agreement_filtered_ema,coronacases_006,0.19964800775051117
17,agreement_filtered_ema,radiopaedia_10_85902_3,0.23794333636760712
17,agreement_filtered_ema,radiopaedia_40_86625_0,0.5489100813865662
42,supervised,coronacases_004,0.19037899374961853
42,supervised,coronacases_006,0.15310756862163544
42,supervised,radiopaedia_10_85902_3,0.23655042052268982
42,supervised,radiopaedia_40_86625_0,0.5758138298988342
42,confidence_only_ema,coronacases_004,0.22405250370502472
42,confidence_only_ema,coronacases_006,0.20003771781921387
42,confidence_only_ema,radiopaedia_10_85902_3,0.2946946620941162
42,confidence_only_ema,radiopaedia_40_86625_0,0.5509886145591736
42,agreement_filtered_ema,coronacases_004,0.2637918293476105
42,agreement_filtered_ema,coronacases_006,0.30261266231536865
42,agreement_filtered_ema,radiopaedia_10_85902_3,0.3209959864616394
42,agreement_filtered_ema,radiopaedia_40_86625_0,0.5548194050788879
2026,supervised,coronacases_004,0.17248083651065826
2026,supervised,coronacases_006,0.1488417536020279
2026,supervised,radiopaedia_10_85902_3,0.3232389986515045
2026,supervised,radiopaedia_40_86625_0,0.5777180194854736
2026,confidence_only_ema,coronacases_004,0.213615283370018
2026,confidence_only_ema,coronacases_006,0.1374947726726532
2026,confidence_only_ema,radiopaedia_10_85902_3,0.37109535932540894
2026,confidence_only_ema,radiopaedia_40_86625_0,0.5643150806427002
2026,agreement_filtered_ema,coronacases_004,0.2123834192752838
2026,agreement_filtered_ema,coronacases_006,0.134220153093338
2026,agreement_filtered_ema,radiopaedia_10_85902_3,0.33912962675094604
2026,agreement_filtered_ema,radiopaedia_40_86625_0,0.566971480846405
