dataset_id,case_id,group_id,grouping_basis,provenance_stratum,ct_path,ct_shape,ct_spacing,ct_dtype,ct_orientation,source_split,seed,budget_id,label_visible
segdb2,coronacases_001,coronacases_001,one_complete_CT_volume_per_metadata_row,coronacases_named,/kaggle/input/datasets/andrewmvd/covid19-ct-scans/ct_scans/coronacases_org_001.nii,512x512x301,0.81054699x0.81054699x1,int16,LAS,fitting,17,b025,False
segdb2,coronacases_002,coronacases_002,one_complete_CT_volume_per_metadata_row,coronacases_named,/kaggle/input/datasets/andrewmvd/covid19-ct-scans/ct_scans/coronacases_org_002.nii,512x512x200,0.68359375x0.68359375x1.5,int16,LAS,fitting,17,b025,False
segdb2,coronacases_007,coronacases_007,one_complete_CT_volume_per_metadata_row,coronacases_named,/kaggle/input/datasets/andrewmvd/covid19-ct-scans/ct_scans/coronacases_org_007.nii,512x512x249,0.71289062x0.71289062x1,int16,LAS,fitting,17,b025,False
segdb2,coronacases_008,coronacases_008,one_complete_CT_volume_per_metadata_row,coronacases_named,/kaggle/input/datasets/andrewmvd/covid19-ct-scans/ct_scans/coronacases_org_008.nii,512x512x301,0.72460902x0.72460902x1,int16,LAS,fitting,17,b025,False
segdb2,coronacases_009,coronacases_009,one_complete_CT_volume_per_metadata_row,coronacases_named,/kaggle/input/datasets/andrewmvd/covid19-ct-scans/ct_scans/coronacases_org_009.nii,512x512x256,0.68359399x0.68359399x1,int16,LAS,fitting,17,b025,False
segdb2,radiopaedia_27_86410_0,radiopaedia_27_86410_0,one_complete_CT_volume_per_metadata_row,radiopaedia_named,/kaggle/input/datasets/andrewmvd/covid19-ct-scans/ct_scans/radiopaedia_org_covid-19-pneumonia-27_86410_0-dcm.nii,630x630x66,0.68359399x0.68359399x6,uint8,LAS,fitting,17,b025,False
segdb2,radiopaedia_29_86490_1,radiopaedia_29_86490_1,one_complete_CT_volume_per_metadata_row,radiopaedia_named,/kaggle/input/datasets/andrewmvd/covid19-ct-scans/ct_scans/radiopaedia_org_covid-19-pneumonia-29_86490_1-dcm.nii,630x630x42,0.68359399x0.68359399x6,uint8,LAS,fitting,17,b025,False
segdb2,radiopaedia_36_86526_0,radiopaedia_36_86526_0,one_complete_CT_volume_per_metadata_row,radiopaedia_named,/kaggle/input/datasets/andrewmvd/covid19-ct-scans/ct_scans/radiopaedia_org_covid-19-pneumonia-36_86526_0-dcm.nii,630x630x45,0.68359399x0.68359399x6,uint8,LAS,fitting,17,b025,False
segdb2,radiopaedia_7_85703_0,radiopaedia_7_85703_0,one_complete_CT_volume_per_metadata_row,radiopaedia_named,/kaggle/input/datasets/andrewmvd/covid19-ct-scans/ct_scans/radiopaedia_org_covid-19-pneumonia-7_85703_0-dcm.nii,630x630x45,0.68359399x0.68359399x6,uint8,LAS,fitting,17,b025,False
