case_id,evidence_file,evidence_sha256,report_file,report_sha256
coronacases_001,vlmDiagnosis/evidence/step13_permission_aware/coronacases_001.json,c345ff715031f16fa1eacf07e57bd0c445f328a17a41d271ea6237c660d6a1f1,vlmDiagnosis/reports/step13_permission_aware/coronacases_001.txt,3b7f42e0e2cb567e1bf56bf719aaceb13ee86f62c547c29a266a16cecf3094be
coronacases_002,vlmDiagnosis/evidence/step13_permission_aware/coronacases_002.json,edb3176cba76629748e1edd0eee92e755fb57cc36e742bbe37fd6c52d376cf47,vlmDiagnosis/reports/step13_permission_aware/coronacases_002.txt,980d73395c3d0ebef42d1bbfe4d0353034842d4b178fb081e55154d891a0a286
coronacases_003,vlmDiagnosis/evidence/step13_permission_aware/coronacases_003.json,e1df755a5c44b8a3237646a361e61308516f134c4cb742540eaf4e6303341aaa,vlmDiagnosis/reports/step13_permission_aware/coronacases_003.txt,f2d5baf9f779edfd8843e8b9000a53a42ba20124087e4583efc39db39e54ff17
coronacases_004,vlmDiagnosis/evidence/step13_permission_aware/coronacases_004.json,1d08ffe6799de1f04e5670d9eee624503e369223a9fb8cad3105356615b44274,vlmDiagnosis/reports/step13_permission_aware/coronacases_004.txt,8da89193d1a462a190b23d044f9ce7c2350352e4746d06de8028aa4e855ba222
coronacases_005,vlmDiagnosis/evidence/step13_permission_aware/coronacases_005.json,24f35831a0fb1e5f889dcb5466c5164e0742573c54585aeee33da8096d71f139,vlmDiagnosis/reports/step13_permission_aware/coronacases_005.txt,4b09b7db05fdd2e062294d7c34196b2d363eb33acd56ebefed15968eb97e50ca
coronacases_006,vlmDiagnosis/evidence/step13_permission_aware/coronacases_006.json,4ad4e664d77d507fb58f885cf6cc5acc2d862ada7be395d405bb5694f0b5189a,vlmDiagnosis/reports/step13_permission_aware/coronacases_006.txt,955f4eefe1e8f76bcc5c2c1d9592ddb020eea606207c69786b95e965056acc8d
coronacases_007,vlmDiagnosis/evidence/step13_permission_aware/coronacases_007.json,a3faf9a2cb3724d508be35b5850ee05a1f30e993e394b6758ecfd48032f5cf7e,vlmDiagnosis/reports/step13_permission_aware/coronacases_007.txt,d21e27035da0c287ccf23a2f45194a0e398ef1ab0f398756e89f038ca3d699d0
coronacases_008,vlmDiagnosis/evidence/step13_permission_aware/coronacases_008.json,f2501480822822f58fa76a0935879f822f202f0d3a3fecb5b849063cc51ab2bd,vlmDiagnosis/reports/step13_permission_aware/coronacases_008.txt,123f0b5597e51fb97d665efbb90108389b6e0f6daf3c00bf3684404df4e30056
coronacases_009,vlmDiagnosis/evidence/step13_permission_aware/coronacases_009.json,3dbb35e4571735f4c39a2f8170e82ef3a0cf8a6a3c77da19195937f3ddac1982,vlmDiagnosis/reports/step13_permission_aware/coronacases_009.txt,89da27274fdfa2c24d609be0ef426362a27c48454d4f6971e59f8d3b74eb8525
coronacases_010,vlmDiagnosis/evidence/step13_permission_aware/coronacases_010.json,385585dc26ffa6a9e353614e8e3ba0e7d1d4fc3f02471a63514f0115c6822a7f,vlmDiagnosis/reports/step13_permission_aware/coronacases_010.txt,1d120a73d61e0a57238582c4b404ca32a9793ed98ccb6cea5043d6d72bc1c77c
radiopaedia_10_85902_1,vlmDiagnosis/evidence/step13_permission_aware/radiopaedia_10_85902_1.json,0b10dcc028c5a58c30a979d46f74d12eb0e1a8d96fa1a14aa2e378223e81c55e,vlmDiagnosis/reports/step13_permission_aware/radiopaedia_10_85902_1.txt,864b10bac0f3932469525f1b6037b5c98aa6cc3cf839c237a2250bfb3e81142d
radiopaedia_10_85902_3,vlmDiagnosis/evidence/step13_permission_aware/radiopaedia_10_85902_3.json,a4eab76d768faa2d474b2dc5fa9aeea84dcb0e1164773fc080b072b447bff0c1,vlmDiagnosis/reports/step13_permission_aware/radiopaedia_10_85902_3.txt,41e3abb4c2e3533451bb04a046b7849f9e10431ceeb9295e0ce3edb587590ce4
radiopaedia_14_85914_0,vlmDiagnosis/evidence/step13_permission_aware/radiopaedia_14_85914_0.json,0aed1cc7e1880bd77bb57764502f2f28d6af1d1117b1bf01ca39f086504d8d4c,vlmDiagnosis/reports/step13_permission_aware/radiopaedia_14_85914_0.txt,1b2d043a8a2a0cf803c1391b050df6c0cefec283aad33c30ffb748abcc29ac68
radiopaedia_27_86410_0,vlmDiagnosis/evidence/step13_permission_aware/radiopaedia_27_86410_0.json,a961b2ca8cf4f947aa306d872a3549ab7a0b79875e062ebfcc75146261af6c9f,vlmDiagnosis/reports/step13_permission_aware/radiopaedia_27_86410_0.txt,3692b8cb76f52499b3e7ba593e6d96b2c7becf5ad1e41c018f71e224e8f1df30
radiopaedia_29_86490_1,vlmDiagnosis/evidence/step13_permission_aware/radiopaedia_29_86490_1.json,2c2b7b927eb63d782007db8f7c164154bbb238512551f55ade7da4ece24a545d,vlmDiagnosis/reports/step13_permission_aware/radiopaedia_29_86490_1.txt,d921104bd716233f1d681defd7c0229d39c6f1c523004781850d67bb42a668c3
radiopaedia_29_86491_1,vlmDiagnosis/evidence/step13_permission_aware/radiopaedia_29_86491_1.json,ae4fcf6134e25afcef3abe535536e666168f414207205741f868c07938e638c6,vlmDiagnosis/reports/step13_permission_aware/radiopaedia_29_86491_1.txt,30347f76669465c7d931d226670a7b14de3a9168d6bc1e312b72508e8047d47f
radiopaedia_36_86526_0,vlmDiagnosis/evidence/step13_permission_aware/radiopaedia_36_86526_0.json,59541e48aa0b3f07a0f01f5dd33e855361fb92f0b3c95f85959aa08007cd924b,vlmDiagnosis/reports/step13_permission_aware/radiopaedia_36_86526_0.txt,45b25d64a0d777f0c0cd4a8867636ba1ad0c6e89738ea94fd2566063ee069401
radiopaedia_40_86625_0,vlmDiagnosis/evidence/step13_permission_aware/radiopaedia_40_86625_0.json,0d97f97cb837b8029de851dd205461e4b9bfd6f92517c5fbf1bdab09e879135a,vlmDiagnosis/reports/step13_permission_aware/radiopaedia_40_86625_0.txt,dac6e2ec21fd4dc838d6c5838a5e45ade32ef5ea351691c403e0ccc136a9de04
radiopaedia_4_85506_1,vlmDiagnosis/evidence/step13_permission_aware/radiopaedia_4_85506_1.json,1b383bc745a1edec837fa6b32a56fd5f31d2769705a7dea038e359d9809c8698,vlmDiagnosis/reports/step13_permission_aware/radiopaedia_4_85506_1.txt,9c99f8ddd8ef3920935cf4485bbb5bd6cd6724ef46d7213c8fed55c4a2412e29
radiopaedia_7_85703_0,vlmDiagnosis/evidence/step13_permission_aware/radiopaedia_7_85703_0.json,1df968d40f31af249a0c7c302020eb50c9b09cfea6ebdb57de315c666467f9ca,vlmDiagnosis/reports/step13_permission_aware/radiopaedia_7_85703_0.txt,27ee9a4c71dd677325924fc53992c2aad2ae839f617cc38fedb2cb5437bcc996
