key,image_count,mask_count,total_count,status
0,0,150,150,REVIEW
1,0,150,150,REVIEW
10,0,150,150,REVIEW
100,0,159,159,REVIEW
101,0,156,156,REVIEW
102,0,154,154,REVIEW
103,0,157,157,REVIEW
104,0,158,158,REVIEW
105,0,155,155,REVIEW
106,0,158,158,REVIEW
107,0,155,155,REVIEW
108,0,155,155,REVIEW
109,0,152,152,REVIEW
11,0,150,150,REVIEW
110,0,157,157,REVIEW
111,0,154,154,REVIEW
112,0,155,155,REVIEW
113,0,152,152,REVIEW
114,0,152,152,REVIEW
115,0,180,180,REVIEW
116,0,151,151,REVIEW
117,0,156,156,REVIEW
118,0,152,152,REVIEW
119,0,157,157,REVIEW
12,0,150,150,REVIEW
120,0,159,159,REVIEW
121,0,150,150,REVIEW
122,0,146,146,REVIEW
123,0,143,143,REVIEW
124,0,141,141,REVIEW
125,0,140,140,REVIEW
126,0,136,136,REVIEW
127,0,137,137,REVIEW
128,0,129,129,REVIEW
129,0,128,128,REVIEW
13,0,150,150,REVIEW
130,0,129,129,REVIEW
131,0,124,124,REVIEW
132,0,119,119,REVIEW
133,0,117,117,REVIEW
134,0,117,117,REVIEW
135,0,115,115,REVIEW
136,0,111,111,REVIEW
137,0,109,109,REVIEW
138,0,105,105,REVIEW
139,0,82,82,REVIEW
14,0,150,150,REVIEW
140,0,81,81,REVIEW
141,0,73,73,REVIEW
142,0,72,72,REVIEW
143,0,65,65,REVIEW
144,0,62,62,REVIEW
145,0,55,55,REVIEW
146,0,49,49,REVIEW
147,0,46,46,REVIEW
148,0,44,44,REVIEW
149,0,41,41,REVIEW
15,0,150,150,REVIEW
150,0,39,39,REVIEW
151,0,37,37,REVIEW
152,0,34,34,REVIEW
153,0,31,31,REVIEW
154,0,30,30,REVIEW
155,0,27,27,REVIEW
156,0,24,24,REVIEW
157,0,21,21,REVIEW
158,0,19,19,REVIEW
159,0,18,18,REVIEW
16,0,150,150,REVIEW
160,0,16,16,REVIEW
161,0,14,14,REVIEW
162,0,12,12,REVIEW
163,0,11,11,REVIEW
164,0,10,10,REVIEW
165,0,9,9,REVIEW
166,0,9,9,REVIEW
167,0,6,6,REVIEW
168,0,4,4,REVIEW
169,0,4,4,REVIEW
17,0,150,150,REVIEW
170,0,4,4,REVIEW
171,0,4,4,REVIEW
172,0,4,4,REVIEW
173,0,3,3,REVIEW
174,0,3,3,REVIEW
175,0,2,2,REVIEW
176,0,2,2,REVIEW
177,0,1,1,REVIEW
178,0,1,1,REVIEW
179,0,1,1,REVIEW
18,0,150,150,REVIEW
180,0,1,1,REVIEW
181,0,1,1,REVIEW
182,0,1,1,REVIEW
183,0,1,1,REVIEW
184,0,1,1,REVIEW
185,0,1,1,REVIEW
186,0,1,1,REVIEW
187,0,1,1,REVIEW
188,0,1,1,REVIEW
189,0,1,1,REVIEW
19,0,150,150,REVIEW
190,0,1,1,REVIEW
2,0,150,150,REVIEW
20,0,164,164,REVIEW
21,0,164,164,REVIEW
22,0,164,164,REVIEW
23,0,193,193,REVIEW
24,0,174,174,REVIEW
25,0,164,164,REVIEW
26,0,163,163,REVIEW
27,0,158,158,REVIEW
28,0,153,153,REVIEW
29,0,152,152,REVIEW
3,0,150,150,REVIEW
30,0,150,150,REVIEW
31,0,151,151,REVIEW
32,0,150,150,REVIEW
33,0,150,150,REVIEW
34,0,150,150,REVIEW
35,0,150,150,REVIEW
36,0,150,150,REVIEW
37,0,150,150,REVIEW
38,0,150,150,REVIEW
39,0,150,150,REVIEW
4,0,150,150,REVIEW
40,0,158,158,REVIEW
41,0,156,156,REVIEW
42,0,158,158,REVIEW
43,0,156,156,REVIEW
44,0,157,157,REVIEW
45,0,157,157,REVIEW
46,0,179,179,REVIEW
47,0,164,164,REVIEW
48,0,166,166,REVIEW
49,0,158,158,REVIEW
5,0,150,150,REVIEW
50,0,157,157,REVIEW
51,0,157,157,REVIEW
52,0,158,158,REVIEW
53,0,155,155,REVIEW
54,0,154,154,REVIEW
55,0,154,154,REVIEW
56,0,152,152,REVIEW
57,0,151,151,REVIEW
58,0,151,151,REVIEW
59,0,151,151,REVIEW
6,0,150,150,REVIEW
60,0,155,155,REVIEW
61,0,153,153,REVIEW
62,0,156,156,REVIEW
63,0,154,154,REVIEW
64,0,158,158,REVIEW
65,0,153,153,REVIEW
66,0,156,156,REVIEW
67,0,154,154,REVIEW
68,0,154,154,REVIEW
69,0,179,179,REVIEW
7,0,150,150,REVIEW
70,0,156,156,REVIEW
71,0,158,158,REVIEW
72,0,161,161,REVIEW
73,0,159,159,REVIEW
74,0,154,154,REVIEW
75,0,154,154,REVIEW
76,0,156,156,REVIEW
77,0,154,154,REVIEW
78,0,156,156,REVIEW
79,0,154,154,REVIEW
8,0,150,150,REVIEW
80,0,158,158,REVIEW
81,0,156,156,REVIEW
82,0,156,156,REVIEW
83,0,155,155,REVIEW
84,0,155,155,REVIEW
85,0,155,155,REVIEW
86,0,156,156,REVIEW
87,0,152,152,REVIEW
88,0,157,157,REVIEW
89,0,151,151,REVIEW
9,0,150,150,REVIEW
90,0,155,155,REVIEW
91,0,152,152,REVIEW
92,0,179,179,REVIEW
93,0,150,150,REVIEW
94,0,157,157,REVIEW
95,0,158,158,REVIEW
96,0,161,161,REVIEW
97,0,155,155,REVIEW
98,0,155,155,REVIEW
99,0,153,153,REVIEW
