case_id,source,ct_path,lung_mask_path,infection_mask_path,combined_mask_path,shape,spacing_mm,orientation,geometry_pass,lung_unique_values,infection_unique_values,combined_unique_values,left_raw_label,right_raw_label,left_centroid_world_x,right_centroid_world_x,left_lung_voxels,right_lung_voxels,infection_voxels_total,infection_voxels_inside_lungs,infection_voxels_outside_lungs,infection_outside_lung_fraction,reference_left_involvement_percent,reference_right_involvement_percent,reference_total_involvement_percent,reference_bilateral_involvement
coronacases_001,CoronaCases,COVID-19-CT-Seg_20cases/coronacases_001.nii,Lung_Mask/coronacases_001.nii,Infection_Mask/coronacases_001.nii,Lung_and_Infection_Mask/coronacases_001.nii,512x512x301,0.810547x0.810547x1,LAS,True,"0.0,1.0,2.0","0.0,1.0","0.0,1.0,2.0,3.0",1.0,2.0,-60.180637279816324,73.42228209145156,2308697,2744212,652289,652289,0,0.0,10.216238856809706,15.174738686369713,12.90917766379723,True
coronacases_002,CoronaCases,COVID-19-CT-Seg_20cases/coronacases_002.nii,Lung_Mask/coronacases_002.nii,Infection_Mask/coronacases_002.nii,Lung_and_Infection_Mask/coronacases_002.nii,512x512x200,0.683594x0.683594x1.5,LAS,True,"0.0,1.0,2.0","0.0,1.0","0.0,1.0,2.0,3.0",1.0,2.0,-86.09823892896947,59.66441956040474,3064587,3539281,273835,273835,0,0.0,2.9299869770380154,5.2000109626785775,4.146585001396152,True
coronacases_003,CoronaCases,COVID-19-CT-Seg_20cases/coronacases_003.nii,Lung_Mask/coronacases_003.nii,Infection_Mask/coronacases_003.nii,Lung_and_Infection_Mask/coronacases_003.nii,512x512x200,0.736328x0.736328x1.5,LAS,True,"0.0,1.0,2.0","0.0,1.0","0.0,1.0,2.0,3.0",1.0,2.0,-72.01168507332653,70.60598657231333,1884150,2425806,1274604,1274604,0,0.0,33.576413767481355,26.464358650279536,29.573480564534766,True
coronacases_004,CoronaCases,COVID-19-CT-Seg_20cases/coronacases_004.nii,Lung_Mask/coronacases_004.nii,Infection_Mask/coronacases_004.nii,Lung_and_Infection_Mask/coronacases_004.nii,512x512x270,0.683594x0.683594x1,LAS,True,"0.0,1.0,2.0","0.0,1.0","0.0,1.0,2.0,3.0",1.0,2.0,-75.71803883782474,55.6875289135221,4573490,5146842,136376,136376,0,0.0,2.9713413607551344,0.00936496593445068,1.4029973461811798,True
coronacases_005,CoronaCases,COVID-19-CT-Seg_20cases/coronacases_005.nii,Lung_Mask/coronacases_005.nii,Infection_Mask/coronacases_005.nii,Lung_and_Infection_Mask/coronacases_005.nii,512x512x290,0.683594x0.683594x1,LAS,True,"0.0,1.0,2.0","0.0,1.0","0.0,1.0,2.0,3.0",1.0,2.0,-78.60516474307042,67.03530612524517,4547479,5622085,176347,176347,0,0.0,0.0,3.1366832767558654,1.7340664752195867,False
coronacases_006,CoronaCases,COVID-19-CT-Seg_20cases/coronacases_006.nii,Lung_Mask/coronacases_006.nii,Infection_Mask/coronacases_006.nii,Lung_and_Infection_Mask/coronacases_006.nii,512x512x213,0.759766x0.759766x1.5,LAS,True,"0.0,1.0,2.0","0.0,1.0","0.0,1.0,2.0,3.0",1.0,2.0,-85.61460231837276,49.04365368297431,2494542,2631036,149602,149602,0,0.0,0.0,5.686049145659733,2.918734238362971,False
coronacases_007,CoronaCases,COVID-19-CT-Seg_20cases/coronacases_007.nii,Lung_Mask/coronacases_007.nii,Infection_Mask/coronacases_007.nii,Lung_and_Infection_Mask/coronacases_007.nii,512x512x249,0.712891x0.712891x1,LAS,True,"0.0,1.0,2.0","0.0,1.0","0.0,1.0,2.0,3.0",1.0,2.0,-66.9750242624012,63.057542157006026,2691303,3056996,180552,180552,0,0.0,1.722437050008862,4.389799659535047,3.140963961686753,True
coronacases_008,CoronaCases,COVID-19-CT-Seg_20cases/coronacases_008.nii,Lung_Mask/coronacases_008.nii,Infection_Mask/coronacases_008.nii,Lung_and_Infection_Mask/coronacases_008.nii,512x512x301,0.724609x0.724609x1,LAS,True,"0.0,1.0,2.0","0.0,1.0","0.0,1.0,2.0,3.0",1.0,2.0,-67.26528709525428,65.80401873068655,3269492,4015090,552371,552371,0,0.0,6.79310424983453,8.225743383087304,7.582741192288041,True
coronacases_009,CoronaCases,COVID-19-CT-Seg_20cases/coronacases_009.nii,Lung_Mask/coronacases_009.nii,Infection_Mask/coronacases_009.nii,Lung_and_Infection_Mask/coronacases_009.nii,512x512x256,0.683594x0.683594x1,LAS,True,"0.0,1.0,2.0","0.0,1.0","0.0,1.0,2.0,3.0",1.0,2.0,-76.28016255169632,43.22195697248179,2635137,3023310,224197,224197,0,0.0,0.1514152774599575,7.283639454769772,3.9621648837569743,True
coronacases_010,CoronaCases,COVID-19-CT-Seg_20cases/coronacases_010.nii,Lung_Mask/coronacases_010.nii,Infection_Mask/coronacases_010.nii,Lung_and_Infection_Mask/coronacases_010.nii,512x512x301,0.683594x0.683594x1,LAS,True,"0.0,1.0,2.0","0.0,1.0","0.0,1.0,2.0,3.0",1.0,2.0,-50.08453195376151,79.12676277200515,2106687,2771695,864062,864062,0,0.0,19.093581533469376,16.66200646174994,17.712061089107003,True
radiopaedia_10_85902_1,Radiopaedia,COVID-19-CT-Seg_20cases/radiopaedia_10_85902_1.nii,Lung_Mask/radiopaedia_10_85902_1.nii,Infection_Mask/radiopaedia_10_85902_1.nii,Lung_and_Infection_Mask/radiopaedia_10_85902_1.nii,630x630x39,0.683594x0.683594x6,LAS,True,"0.0,1.0,2.0","0.0,1.0","0.0,1.0,2.0,3.0",1.0,2.0,-139.22260759979707,22.75931601634869,803450,848177,57373,57373,0,0.0,0.0,6.764272080002169,3.473726210579023,False
radiopaedia_10_85902_3,Radiopaedia,COVID-19-CT-Seg_20cases/radiopaedia_10_85902_3.nii,Lung_Mask/radiopaedia_10_85902_3.nii,Infection_Mask/radiopaedia_10_85902_3.nii,Lung_and_Infection_Mask/radiopaedia_10_85902_3.nii,630x630x418,0.683594x0.683594x1,LAS,True,"0.0,1.0,2.0","0.0,1.0","0.0,1.0,2.0,3.0",1.0,2.0,-139.19794531348452,22.85901595432682,8534227,8989089,567710,567710,0,0.0,0.0,6.3155454351380875,3.2397406974798604,False
radiopaedia_14_85914_0,Radiopaedia,COVID-19-CT-Seg_20cases/radiopaedia_14_85914_0.nii,Lung_Mask/radiopaedia_14_85914_0.nii,Infection_Mask/radiopaedia_14_85914_0.nii,Lung_and_Infection_Mask/radiopaedia_14_85914_0.nii,630x401x110,0.683594x0.683594x2,LAS,True,"0.0,1.0,2.0","0.0,1.0","0.0,1.0,2.0,3.0",1.0,2.0,-154.45117175716382,2.5161368081767534,2043626,2392226,1129152,1129143,9,7.970583234143854e-06,28.672809995566702,22.70596507186194,25.454929515231797,True
radiopaedia_27_86410_0,Radiopaedia,COVID-19-CT-Seg_20cases/radiopaedia_27_86410_0.nii,Lung_Mask/radiopaedia_27_86410_0.nii,Infection_Mask/radiopaedia_27_86410_0.nii,Lung_and_Infection_Mask/radiopaedia_27_86410_0.nii,630x630x66,0.683594x0.683594x6,LAS,True,"0.0,1.0,2.0","0.0,1.0","0.0,1.0,2.0,3.0",1.0,2.0,-144.29373882562663,4.894104072626902,1222895,1592806,291467,291467,0,0.0,13.928178625311249,7.605445986516877,10.351489735593374,True
radiopaedia_29_86490_1,Radiopaedia,COVID-19-CT-Seg_20cases/radiopaedia_29_86490_1.nii,Lung_Mask/radiopaedia_29_86490_1.nii,Infection_Mask/radiopaedia_29_86490_1.nii,Lung_and_Infection_Mask/radiopaedia_29_86490_1.nii,630x630x42,0.683594x0.683594x6,LAS,True,"0.0,1.0,2.0","0.0,1.0","0.0,1.0,2.0,3.0",1.0,2.0,-146.7900632439185,20.25228240590434,485915,638378,163,163,0,0.0,0.033544961567352316,0.0,0.014498000076492516,False
radiopaedia_29_86491_1,Radiopaedia,COVID-19-CT-Seg_20cases/radiopaedia_29_86491_1.nii,Lung_Mask/radiopaedia_29_86491_1.nii,Infection_Mask/radiopaedia_29_86491_1.nii,Lung_and_Infection_Mask/radiopaedia_29_86491_1.nii,630x630x42,0.683594x0.683594x6,LAS,True,"0.0,1.0,2.0","0.0,1.0","0.0,1.0,2.0,3.0",1.0,2.0,-149.1961222779671,21.851938702453793,970133,1078826,18062,18062,0,0.0,0.01979110080782738,1.6564302306396026,0.8815208112997869,True
radiopaedia_36_86526_0,Radiopaedia,COVID-19-CT-Seg_20cases/radiopaedia_36_86526_0.nii,Lung_Mask/radiopaedia_36_86526_0.nii,Infection_Mask/radiopaedia_36_86526_0.nii,Lung_and_Infection_Mask/radiopaedia_36_86526_0.nii,630x630x45,0.683594x0.683594x6,LAS,True,"0.0,1.0,2.0","0.0,1.0","0.0,1.0,2.0,3.0",1.0,2.0,-125.28634986834919,1.2734964179398105,1130523,1264670,66804,66804,0,0.0,2.9618150183587595,2.634679402531886,2.7890863074499634,True
radiopaedia_40_86625_0,Radiopaedia,COVID-19-CT-Seg_20cases/radiopaedia_40_86625_0.nii,Lung_Mask/radiopaedia_40_86625_0.nii,Infection_Mask/radiopaedia_40_86625_0.nii,Lung_and_Infection_Mask/radiopaedia_40_86625_0.nii,630x630x93,0.683594x0.683594x4,LAS,True,"0.0,1.0,2.0","0.0,1.0","0.0,1.0,2.0,3.0",1.0,2.0,-135.12599853946386,15.439014765619191,1183176,1408839,1538940,1538940,0,0.0,67.74934582851579,52.33713717465232,59.372341595245395,True
radiopaedia_4_85506_1,Radiopaedia,COVID-19-CT-Seg_20cases/radiopaedia_4_85506_1.nii,Lung_Mask/radiopaedia_4_85506_1.nii,Infection_Mask/radiopaedia_4_85506_1.nii,Lung_and_Infection_Mask/radiopaedia_4_85506_1.nii,630x630x39,0.683594x0.683594x6,LAS,True,"0.0,1.0,2.0","0.0,1.0","0.0,1.0,2.0,3.0",1.0,2.0,-144.3733306047024,22.174111768999126,958134,1017630,415201,415097,104,0.00025048109229024016,25.446231946679692,16.8320509418944,21.00944242328537,True
radiopaedia_7_85703_0,Radiopaedia,COVID-19-CT-Seg_20cases/radiopaedia_7_85703_0.nii,Lung_Mask/radiopaedia_7_85703_0.nii,Infection_Mask/radiopaedia_7_85703_0.nii,Lung_and_Infection_Mask/radiopaedia_7_85703_0.nii,630x630x45,0.683594x0.683594x6,LAS,True,"0.0,1.0,2.0","0.0,1.0","0.0,1.0,2.0,3.0",1.0,2.0,-130.1314267900811,16.631614827811035,1043092,1006946,382406,382405,1,2.6150217308305834e-06,8.862689005380158,28.79588379118642,18.65355666577888,True
