kind,pca_components,C,macro_F1,balanced_accuracy,macro_AUROC
logistic,96,0.1,0.7318040215236477,0.7116037690725595,0.8543334801693391
logistic,96,1.0,0.7318040215236477,0.7116037690725595,0.8523431745819835
rbf_svc,64,5.0,0.7292044872690034,0.7004113454823743,0.8486722971904667
rbf_svc,64,2.0,0.7292044872690034,0.7004113454823743,0.8485017448473532
rbf_svc,64,1.0,0.7123287671232875,0.6865643086047735,0.830942510963833
logistic,96,10.0,0.705115255115255,0.7109700100444827,0.8554429480867755
logistic,64,0.1,0.701074304162165,0.6858428596482836,0.8493738211892352
logistic,64,1.0,0.6986765922249792,0.6858428596482836,0.8458348674674815
rbf_svc,32,1.0,0.6950370133105559,0.6681255082029942,0.8311574816446677
logistic,64,10.0,0.6857550898471615,0.6773090352513512,0.8427707844811527
rbf_svc,32,5.0,0.6829959480275937,0.6582205321981472,0.8407008477820971
rbf_svc,32,0.5,0.6792035398230089,0.6536327545798059,0.8138557547077041
rbf_svc,32,2.0,0.6720021777596298,0.6456609429058847,0.8435959987580973
rbf_svc,64,0.5,0.6469731112436147,0.6186883181071731,0.8134061165415115
logistic,32,0.1,0.6399256848589134,0.6383468056950622,0.8273165785503545
logistic,32,10.0,0.623936997419316,0.623132603115384,0.781720699302149
logistic,32,1.0,0.622895622895623,0.6218451555300458,0.8015191919514341
