category,dtype,nonzero_voxels,relative_path,shape,size_bytes,status,unique_values,zooms
ct_volume,int16,,COVID-19-CT-Seg_20cases/coronacases_001.nii,512x512x301,157811040,READABLE,,0.810547x0.810547x1
ct_volume,int16,,COVID-19-CT-Seg_20cases/coronacases_002.nii,512x512x200,104857952,READABLE,,0.683594x0.683594x1.5
ct_volume,int16,,COVID-19-CT-Seg_20cases/coronacases_003.nii,512x512x200,104857952,READABLE,,0.736328x0.736328x1.5
ct_volume,int16,,COVID-19-CT-Seg_20cases/coronacases_004.nii,512x512x270,141558112,READABLE,,0.683594x0.683594x1
ct_volume,int16,,COVID-19-CT-Seg_20cases/coronacases_005.nii,512x512x290,152043872,READABLE,,0.683594x0.683594x1
ct_volume,int16,,COVID-19-CT-Seg_20cases/coronacases_006.nii,512x512x213,111673696,READABLE,,0.759766x0.759766x1.5
ct_volume,int16,,COVID-19-CT-Seg_20cases/coronacases_007.nii,512x512x249,130548064,READABLE,,0.712891x0.712891x1
ct_volume,int16,,COVID-19-CT-Seg_20cases/coronacases_008.nii,512x512x301,157811040,READABLE,,0.724609x0.724609x1
ct_volume,int16,,COVID-19-CT-Seg_20cases/coronacases_009.nii,512x512x256,134218080,READABLE,,0.683594x0.683594x1
ct_volume,int16,,COVID-19-CT-Seg_20cases/coronacases_010.nii,512x512x301,157811040,READABLE,,0.683594x0.683594x1
ct_volume,uint8,,COVID-19-CT-Seg_20cases/radiopaedia_10_85902_1.nii,630x630x39,15479452,READABLE,,0.683594x0.683594x6
ct_volume,uint8,,COVID-19-CT-Seg_20cases/radiopaedia_10_85902_3.nii,630x630x418,165904552,READABLE,,0.683594x0.683594x1
ct_volume,uint8,,COVID-19-CT-Seg_20cases/radiopaedia_14_85914_0.nii,630x401x110,27789652,READABLE,,0.683594x0.683594x2
ct_volume,uint8,,COVID-19-CT-Seg_20cases/radiopaedia_27_86410_0.nii,630x630x66,26195752,READABLE,,0.683594x0.683594x6
ct_volume,uint8,,COVID-19-CT-Seg_20cases/radiopaedia_29_86490_1.nii,630x630x42,16670152,READABLE,,0.683594x0.683594x6
ct_volume,uint8,,COVID-19-CT-Seg_20cases/radiopaedia_29_86491_1.nii,630x630x42,16670152,READABLE,,0.683594x0.683594x6
ct_volume,uint8,,COVID-19-CT-Seg_20cases/radiopaedia_36_86526_0.nii,630x630x45,17860852,READABLE,,0.683594x0.683594x6
ct_volume,uint8,,COVID-19-CT-Seg_20cases/radiopaedia_40_86625_0.nii,630x630x93,36912052,READABLE,,0.683594x0.683594x4
ct_volume,uint8,,COVID-19-CT-Seg_20cases/radiopaedia_4_85506_1.nii,630x630x39,15479452,READABLE,,0.683594x0.683594x6
ct_volume,uint8,,COVID-19-CT-Seg_20cases/radiopaedia_7_85703_0.nii,630x630x45,17860852,READABLE,,0.683594x0.683594x6
infection_mask,uint16,652289,Infection_Mask/coronacases_001.nii,512x512x301,157811040,READABLE,"0.0,1.0",0.810547x0.810547x1
infection_mask,uint16,273835,Infection_Mask/coronacases_002.nii,512x512x200,104857952,READABLE,"0.0,1.0",0.683594x0.683594x1.5
infection_mask,uint16,1274604,Infection_Mask/coronacases_003.nii,512x512x200,104857952,READABLE,"0.0,1.0",0.736328x0.736328x1.5
infection_mask,uint16,136376,Infection_Mask/coronacases_004.nii,512x512x270,141558112,READABLE,"0.0,1.0",0.683594x0.683594x1
infection_mask,uint16,176347,Infection_Mask/coronacases_005.nii,512x512x290,152043872,READABLE,"0.0,1.0",0.683594x0.683594x1
infection_mask,uint16,149602,Infection_Mask/coronacases_006.nii,512x512x213,111673696,READABLE,"0.0,1.0",0.759766x0.759766x1.5
infection_mask,uint16,180552,Infection_Mask/coronacases_007.nii,512x512x249,130548064,READABLE,"0.0,1.0",0.712891x0.712891x1
infection_mask,uint16,552371,Infection_Mask/coronacases_008.nii,512x512x301,157811040,READABLE,"0.0,1.0",0.724609x0.724609x1
infection_mask,uint16,224197,Infection_Mask/coronacases_009.nii,512x512x256,134218080,READABLE,"0.0,1.0",0.683594x0.683594x1
infection_mask,uint16,864062,Infection_Mask/coronacases_010.nii,512x512x301,157811040,READABLE,"0.0,1.0",0.683594x0.683594x1
infection_mask,uint16,57373,Infection_Mask/radiopaedia_10_85902_1.nii,630x630x39,30958552,READABLE,"0.0,1.0",0.683594x0.683594x6
infection_mask,uint16,567710,Infection_Mask/radiopaedia_10_85902_3.nii,630x630x418,331808752,READABLE,"0.0,1.0",0.683594x0.683594x1
infection_mask,uint16,1129152,Infection_Mask/radiopaedia_14_85914_0.nii,630x401x110,55578952,READABLE,"0.0,1.0",0.683594x0.683594x2
infection_mask,uint16,291467,Infection_Mask/radiopaedia_27_86410_0.nii,630x630x66,52391152,READABLE,"0.0,1.0",0.683594x0.683594x6
infection_mask,uint16,163,Infection_Mask/radiopaedia_29_86490_1.nii,630x630x42,33339952,READABLE,"0.0,1.0",0.683594x0.683594x6
infection_mask,uint16,18062,Infection_Mask/radiopaedia_29_86491_1.nii,630x630x42,33339952,READABLE,"0.0,1.0",0.683594x0.683594x6
infection_mask,uint16,66804,Infection_Mask/radiopaedia_36_86526_0.nii,630x630x45,35721352,READABLE,"0.0,1.0",0.683594x0.683594x6
infection_mask,uint16,1538940,Infection_Mask/radiopaedia_40_86625_0.nii,630x630x93,73823752,READABLE,"0.0,1.0",0.683594x0.683594x4
infection_mask,uint16,415201,Infection_Mask/radiopaedia_4_85506_1.nii,630x630x39,30958552,READABLE,"0.0,1.0",0.683594x0.683594x6
infection_mask,uint16,382406,Infection_Mask/radiopaedia_7_85703_0.nii,630x630x45,35721352,READABLE,"0.0,1.0",0.683594x0.683594x6
lung_mask,uint16,5052909,Lung_Mask/coronacases_001.nii,512x512x301,157811040,READABLE,"0.0,1.0,2.0",0.810547x0.810547x1
lung_mask,uint16,6603868,Lung_Mask/coronacases_002.nii,512x512x200,104857952,READABLE,"0.0,1.0,2.0",0.683594x0.683594x1.5
lung_mask,uint16,4309956,Lung_Mask/coronacases_003.nii,512x512x200,104857952,READABLE,"0.0,1.0,2.0",0.736328x0.736328x1.5
lung_mask,uint16,9720332,Lung_Mask/coronacases_004.nii,512x512x270,141558112,READABLE,"0.0,1.0,2.0",0.683594x0.683594x1
lung_mask,uint16,10169564,Lung_Mask/coronacases_005.nii,512x512x290,152043872,READABLE,"0.0,1.0,2.0",0.683594x0.683594x1
lung_mask,uint16,5125578,Lung_Mask/coronacases_006.nii,512x512x213,111673696,READABLE,"0.0,1.0,2.0",0.759766x0.759766x1.5
lung_mask,uint16,5748299,Lung_Mask/coronacases_007.nii,512x512x249,130548064,READABLE,"0.0,1.0,2.0",0.712891x0.712891x1
lung_mask,uint16,7284582,Lung_Mask/coronacases_008.nii,512x512x301,157811040,READABLE,"0.0,1.0,2.0",0.724609x0.724609x1
lung_mask,uint16,5658447,Lung_Mask/coronacases_009.nii,512x512x256,134218080,READABLE,"0.0,1.0,2.0",0.683594x0.683594x1
lung_mask,uint16,4878382,Lung_Mask/coronacases_010.nii,512x512x301,157811040,READABLE,"0.0,1.0,2.0",0.683594x0.683594x1
lung_mask,uint16,1651627,Lung_Mask/radiopaedia_10_85902_1.nii,630x630x39,30958552,READABLE,"0.0,1.0,2.0",0.683594x0.683594x6
lung_mask,uint16,17523316,Lung_Mask/radiopaedia_10_85902_3.nii,630x630x418,331808752,READABLE,"0.0,1.0,2.0",0.683594x0.683594x1
lung_mask,uint16,4435852,Lung_Mask/radiopaedia_14_85914_0.nii,630x401x110,55578952,READABLE,"0.0,1.0,2.0",0.683594x0.683594x2
lung_mask,uint16,2815701,Lung_Mask/radiopaedia_27_86410_0.nii,630x630x66,52391152,READABLE,"0.0,1.0,2.0",0.683594x0.683594x6
lung_mask,uint16,1124293,Lung_Mask/radiopaedia_29_86490_1.nii,630x630x42,33339952,READABLE,"0.0,1.0,2.0",0.683594x0.683594x6
lung_mask,uint16,2048959,Lung_Mask/radiopaedia_29_86491_1.nii,630x630x42,33339952,READABLE,"0.0,1.0,2.0",0.683594x0.683594x6
lung_mask,uint16,2395193,Lung_Mask/radiopaedia_36_86526_0.nii,630x630x45,35721352,READABLE,"0.0,1.0,2.0",0.683594x0.683594x6
lung_mask,uint16,2592015,Lung_Mask/radiopaedia_40_86625_0.nii,630x630x93,73823752,READABLE,"0.0,1.0,2.0",0.683594x0.683594x4
lung_mask,uint16,1975764,Lung_Mask/radiopaedia_4_85506_1.nii,630x630x39,30958552,READABLE,"0.0,1.0,2.0",0.683594x0.683594x6
lung_mask,uint16,2050038,Lung_Mask/radiopaedia_7_85703_0.nii,630x630x45,35721352,READABLE,"0.0,1.0,2.0",0.683594x0.683594x6
lung_and_infection_mask,uint16,5052909,Lung_and_Infection_Mask/coronacases_001.nii,512x512x301,157811040,READABLE,"0.0,1.0,2.0,3.0",0.810547x0.810547x1
lung_and_infection_mask,uint16,6603868,Lung_and_Infection_Mask/coronacases_002.nii,512x512x200,104857952,READABLE,"0.0,1.0,2.0,3.0",0.683594x0.683594x1.5
lung_and_infection_mask,uint16,4309956,Lung_and_Infection_Mask/coronacases_003.nii,512x512x200,104857952,READABLE,"0.0,1.0,2.0,3.0",0.736328x0.736328x1.5
lung_and_infection_mask,uint16,9720332,Lung_and_Infection_Mask/coronacases_004.nii,512x512x270,141558112,READABLE,"0.0,1.0,2.0,3.0",0.683594x0.683594x1
lung_and_infection_mask,uint16,10169564,Lung_and_Infection_Mask/coronacases_005.nii,512x512x290,152043872,READABLE,"0.0,1.0,2.0,3.0",0.683594x0.683594x1
lung_and_infection_mask,uint16,5125578,Lung_and_Infection_Mask/coronacases_006.nii,512x512x213,111673696,READABLE,"0.0,1.0,2.0,3.0",0.759766x0.759766x1.5
lung_and_infection_mask,uint16,5748299,Lung_and_Infection_Mask/coronacases_007.nii,512x512x249,130548064,READABLE,"0.0,1.0,2.0,3.0",0.712891x0.712891x1
lung_and_infection_mask,uint16,7284582,Lung_and_Infection_Mask/coronacases_008.nii,512x512x301,157811040,READABLE,"0.0,1.0,2.0,3.0",0.724609x0.724609x1
lung_and_infection_mask,uint16,5658447,Lung_and_Infection_Mask/coronacases_009.nii,512x512x256,134218080,READABLE,"0.0,1.0,2.0,3.0",0.683594x0.683594x1
lung_and_infection_mask,uint16,4878382,Lung_and_Infection_Mask/coronacases_010.nii,512x512x301,157811040,READABLE,"0.0,1.0,2.0,3.0",0.683594x0.683594x1
lung_and_infection_mask,uint16,1651627,Lung_and_Infection_Mask/radiopaedia_10_85902_1.nii,630x630x39,30958552,READABLE,"0.0,1.0,2.0,3.0",0.683594x0.683594x6
lung_and_infection_mask,uint16,17523316,Lung_and_Infection_Mask/radiopaedia_10_85902_3.nii,630x630x418,331808752,READABLE,"0.0,1.0,2.0,3.0",0.683594x0.683594x1
lung_and_infection_mask,uint16,4435861,Lung_and_Infection_Mask/radiopaedia_14_85914_0.nii,630x401x110,55578952,READABLE,"0.0,1.0,2.0,3.0",0.683594x0.683594x2
lung_and_infection_mask,uint16,2815701,Lung_and_Infection_Mask/radiopaedia_27_86410_0.nii,630x630x66,52391152,READABLE,"0.0,1.0,2.0,3.0",0.683594x0.683594x6
lung_and_infection_mask,uint16,1124293,Lung_and_Infection_Mask/radiopaedia_29_86490_1.nii,630x630x42,33339952,READABLE,"0.0,1.0,2.0,3.0",0.683594x0.683594x6
lung_and_infection_mask,uint16,2048959,Lung_and_Infection_Mask/radiopaedia_29_86491_1.nii,630x630x42,33339952,READABLE,"0.0,1.0,2.0,3.0",0.683594x0.683594x6
lung_and_infection_mask,uint16,2395193,Lung_and_Infection_Mask/radiopaedia_36_86526_0.nii,630x630x45,35721352,READABLE,"0.0,1.0,2.0,3.0",0.683594x0.683594x6
lung_and_infection_mask,uint16,2592015,Lung_and_Infection_Mask/radiopaedia_40_86625_0.nii,630x630x93,73823752,READABLE,"0.0,1.0,2.0,3.0",0.683594x0.683594x4
lung_and_infection_mask,uint16,1975868,Lung_and_Infection_Mask/radiopaedia_4_85506_1.nii,630x630x39,30958552,READABLE,"0.0,1.0,2.0,3.0",0.683594x0.683594x6
lung_and_infection_mask,uint16,2050039,Lung_and_Infection_Mask/radiopaedia_7_85703_0.nii,630x630x45,35721352,READABLE,"0.0,1.0,2.0,3.0",0.683594x0.683594x6
