epoch,train_loss,val_macro_F1,val_balanced_accuracy,val_macro_AUROC,best_val_macro_F1,patience,lr
1,0.30041372257730237,0.5704576283286927,0.5937908496732026,0.7949099446541901,0.5704576283286927,0,0.0003
2,0.2123892456293106,0.5825929938605995,0.588235294117647,0.80565282473698,0.5825929938605995,0,0.0003
3,0.209530977451283,0.5825929938605995,0.588235294117647,0.8070659181547016,0.5825929938605995,1,0.0003
4,0.2080135889675306,0.5825929938605995,0.588235294117647,0.8083653429165548,0.5825929938605995,2,0.0003
5,0.21008017400036688,0.5825929938605995,0.588235294117647,0.8045190378889076,0.5825929938605995,3,0.0003
6,0.21012662934220355,0.5825929938605995,0.588235294117647,0.8034836478874964,0.5825929938605995,4,0.00015
7,0.20951748088650082,0.5825929938605995,0.588235294117647,0.8154555542023573,0.5825929938605995,5,0.00015
8,0.20674133495144223,0.5825929938605995,0.588235294117647,0.8080498544023085,0.5825929938605995,6,0.00015
9,0.21131600180397864,0.5825929938605995,0.588235294117647,0.8071560347166242,0.5825929938605995,7,0.00015
10,0.20824989676475525,0.5825929938605995,0.588235294117647,0.806843703665041,0.5825929938605995,8,7.5e-05
